Workbook

Sheet Lead Tracker
A1: Sr no | B1: Date | C1: Company Name | D1: Location | E1: States | F1: Product Type | G1: Capacity / Specs | H1: Phone | I1: Email | J1: Inquiry Status | K1: Contact Person | L1: Lead Source | M1: Lead Owner | N1: Quotation No | O1: Quotation Date | P1: Expected Order Value | Q1: Quotation Status | R1: Order loss Analysis | S1: Remarks
A2: =ROW()-1 -> 1 | B2: 46113 | C2: SANDVIK COROMANT INDIA PVT. LTD | D2: Dapodi | E2: Maharashtra | F2: Others | G2: Winch for 1T Capacity | H2: 9767350574 | I2: KIRAN NALAGE <kiran.nalage@sandvik.com> | J2: QUOTATION REQ. | K2: Kiran Nalage | L2: REFRENCE | M2: MALLESH | N2: 05/SANDVIK-WINCH-1-04-26 | O2: 46113 | P2: 450000
A3: =ROW()-1 -> 2 | B3: 46113 | C3: KSB LIMITED | D3: admednagar | E3: Maharashtra | F3: Jib Crane | G3: of Jib Crane of 1MT Capacity | H3: 9970951430 | I3: <Jaywant.Sutar@ksb.com> | J3: QUOTATION REQ. | K3: Sutar, Jaywant' | L3: EXISTING CUS. | M3: RAVI
A4: =ROW()-1 -> 3 | B4: 46113 | F4: Hoist | G4: 2 Ton Electric Chain Hoist | H4: 9146215901 | I4: dangat9666@gmail.com | J4: NOT INTERESTED | K4: bhi | L4: INDIAMART | M4: SAKSHI
A5: =ROW()-1 -> 4 | B5: 46113 | C5: Electrofab Engineering Services Pvt.Ltd | D5: plot no. 49B,Sai industrial associates,NR Maharashtra ware house ,nashik road,chowiswadi,charoli, Pimpri Chinchwad, Maharashtra, India | E5: Maharashtra | F5: EOT Crane | G5: crane | H5: 7249020866 | I5: atharvpasalkar146@gmail.com | J5: NOT INTERESTED | K5: athrv | L5: INDIAMART | M5: VIVEK
A6: =ROW()-1 -> 5 | B6: 46113 | D6: Dharni, Maharashtra, India | G6: Portable Gantry Crane | H6: 8080534980 | I6: Dharni, Maharashtra, India | J6: CONTACTED | K6: NITESH LAXMAN SEMALKAR | L6: INDIAMART | M6: VIVEK
A7: =ROW()-1 -> 6 | B7: 46113 | C7: Sany India ltd | D7: Chakan | E7: Maharashtra | F7: Others | J7: QUOTATION REQ. | K7: Nikhil warade | L7: EXISTING CUS. | M7: RAVI
A8: =ROW()-1 -> 7 | B8: 46113 | C8: Atlas copco | D8: Chakan | E8: Maharashtra | F8: Hoist | G8: 5MT Crab Trollry | J8: QUOTATION REQ. | L8: EXISTING CUS. | M8: RAVI
A9: =ROW()-1 -> 8 | B9: 46113 | C9: Eka mobility solutions | D9: Pithampur | E9: Tamil Nadu | F9: Manipulator | G9: EOT Crane, XY rail, Manipulator | I9: anil.m@ekamobility.com' | J9: QUOTATION REQ. | K9: Anil Malviya | L9: EXISTING CUS. | M9: RAVI | N9: 7-EKA MOBILITY-PITHAMPUR-05/04/26 | O9: 46116 | Q9: Quotation Sent
A10: =ROW()-1 -> 9 | B10: 46113 | C10: Cummins Generator Technologies India Pvt Ltd | D10: Ranjangoan | E10: Maharashtra | F10: EOT Crane | G10: EOT Crane of 2MT Capacity | H10: 9146185214 | I10: <sandeep.naikare@cummins.com> | J10: QUOTATION REQ. | K10: Sandeep Naikare | L10: EXISTING CUS. | M10: MALLESH
A11: =ROW()-1 -> 10 | B11: 46113 | C11: Emerson Process Management (India) Pvt. Ltd | D11: Chakan | E11: Maharashtra | F11: EOT Crane | G11: Single Girder EOT Crane of 5MT Capacity | H11: 9765559037 | I11: <Raviprasad.Savkar@Emerson.com> | J11: QUOTATION REQ. | K11: Savakar, Raviprasad | L11: EXISTING CUS. | M11: RAVI | N11: 06-EMERSON -5TSGEOT
A12: =ROW()-1 -> 11 | B12: 46113 | D12: Thane | E12: Maharashtra | F12: Goliath | G12: Goliath crane | H12: 9324210241 | I12: naveenagrawal2007@gmail.com | J12: LOST | K12: naveen agarwal | L12: TRADEINDIA | M12: VIVEK
A13: =ROW()-1 -> 12 | B13: 46113 | C13: MITTAL TRADERS | D13: Howrah | F13: EOT Crane | G13: eot cranes | H13: 9007847150 | I13: mohitmitt@gmail.com | J13: NOT RECEIVED | K13: mohit mittal | L13: TRADEINDIA | M13: VIVEK
A14: =ROW()-1 -> 13 | B14: 46113 | C14: KSB India Ltd | D14: Ahmednagar | E14: Maharashtra | F14: EOT Crane | G14: Single Girder EOT Crane of 5MT Capacity | H14: 9970951430 | I14: <Jaywant.Sutar@ksb.com> | J14: QUOTATION REQ. | K14: Sutar, Jaywant' | L14: EXISTING CUS. | M14: RAVI
A15: =ROW()-1 -> 14 | B15: 46114 | C15: Singh Fabrication | D15: Pune, Maharashtra, India | E15: Maharashtra | F15: Hoist | G15: hoist | H15: 8766460470 | I15: sshambhussingh08893@gmail.com | J15: CONTACTED | K15: Shambhu Singh | L15: INDIAMART | M15: SAKSHI
A16: =ROW()-1 -> 15 | B16: 46114 | D16: Pune, Maharashtra, India | E16: Maharashtra | F16: EOT Crane | G16: Industrial cranes | H16: 7385604099 | J16: FAKE | K16: nagesh talwar | L16: TRADEINDIA | M16: VIVEK
A17: =ROW()-1 -> 16 | B17: 46114 | D17: Barrackpore | F17: EOT Crane | G17: heavy duty hydra crane | H17: 9883612877 | J17: FAKE | K17: anand gupta | L17: TRADEINDIA | M17: VIVEK
A18: =ROW()-1 -> 17 | B18: 46114 | C18: INFINITE ENERGY PVT. LTD | D18: faridabad | E18: Haryana | F18: Jib Crane | G18: jib crane | H18: 9212084932 | J18: QUOTATION REQ. | K18: naval | L18: TRADEINDIA | M18: VIVEK
A19: =ROW()-1 -> 18 | B19: 46115 | C19: Aakruti Tooling | D19: Moi | E19: Maharashtra | F19: EOT Crane | G19: 12.5MT EOT Crane | I19: -aakrutitooling@gmail.com | J19: QUOTATION REQ. | L19: REFRENCE | M19: VIVEK | N19: 11-AAKRUTI-EOT-12.5T-MOI-05/04/26 | O19: 46117 | Q19: Quotation Sent
A20: =ROW()-1 -> 19 | B20: 46115 | C20: ENERSYS THERMAL LTD | E20: Maharashtra | F20: Others | G20: 5T & 10T Hoist | I20: enersys.pune@gmail.com | J20: QUOTATION REQ. | L20: INDIAMART | M20: VIVEK | N20: 8-ENERGYGS-HOIST -5 & 10T-04/04/26 | O20: 46116 | Q20: Quotation Sent
A21: =ROW()-1 -> 20 | B21: 46115 | C21: Application Eng. | D21: bhosari | E21: Maharashtra | F21: Others | G21: LCS SYSTEM of 500kg & 1T | I21: <applicationengg@impregseal.com> | J21: QUOTATION REQ. | L21: REFRENCE | M21: VIVEK | N21: 9-ApplicationEngg-LCS-500kg1T -05/04/26 | O21: 46116 | Q21: Quotation Sent
A22: =ROW()-1 -> 21 | B22: 46115 | C22: Aarya And Company | D22: Waluj Midc, P No 6, Cidco, Gut No 105, Aurangabad, Maharashtra, India | E22: Maharashtra | F22: Gantry Crane | G22: Portable Gantry Cranes | H22: 9960238973 | I22: chetanyelikar@yahoo.in | J22: QUOTATION REQ. | K22: Chetan Yelikar | L22: INDIAMART | M22: VIVEK
A23: =ROW()-1 -> 22 | B23: 46115 | C23: Ho Company | D23: a/p pimpale,, Indapur, Maharashtra, India | E23: Maharashtra | F23: Hoist | G23: Electric Hoists | H23: 9923625798 | I23: yuvraj_kate84@rediffmail.com | J23: QUOTATION REQ. | K23: Kate Yuvraj | L23: INDIAMART | M23: SAKSHI
A24: =ROW()-1 -> 23 | B24: 46115 | D24: Chakan, Maharashtra, India | E24: Maharashtra | F24: Hoist | G24: Wire Rope Hoist | H24: 8591226468 | J24: LOST | K24: VAISHALI | L24: INDIAMART | M24: SAKSHI
A25: =ROW()-1 -> 24 | B25: 46115 | C25: Perfect Machine Tools Corporation Limited | D25: Plot No. 36, 1st Floor, Rajendra Nagar, Sector- 5, Sahibabad, Uttar Pradesh, India | E25: Uttar Pradesh | F25: Manipulator | G25: Manipulators | H25: 9370556327 | I25: pmtdel@pmtcoltd.com | J25: NEW | K25: S.K. Kapoor | L25: INDIAMART | M25: RAVI
A26: =ROW()-1 -> 25 | B26: 46115 | D26: Coimbatore, Tamil Nadu, India | E26: Tamil Nadu | F26: Hoist | G26: 2 Ton Electric Chain Hoist | H26: 7708636022 | I26: nsnkarthik12@gmail.com | J26: NOT INTERESTED | K26: RAJENDRAN KARTHIK | L26: INDIAMART | M26: SAKSHI
A27: =ROW()-1 -> 26 | B27: 46115 | C27: A J Enterprise | D27: 01, Jani Kalan, Baghpat Road, Jani Buzurg, Near Aiter Tower, Meerut, Uttar Pradesh, India | E27: Uttar Pradesh | F27: EOT Crane | G27: Electric Overhead Crane | H27: 9997306071 | I27: gufrankhanjanimeerut@gmail.com | J27: CONTACTED | K27: Gufran Khan | L27: INDIAMART | M27: VIVEK
A28: =ROW()-1 -> 27 | B28: 46116 | C28: mohamaad safik contractor | D28: Jodhpur, Rajasthan, India | E28: Rajasthan | F28: Manipulator | G28: Overhead Mounted Manipulator | H28: 9694664945 | I28: mohmmad.aslam04@gmail.com | J28: FAKE | K28: aslam | L28: INDIAMART | M28: VIVEK
A29: =ROW()-1 -> 28 | B29: 46116 | C29: horizontal boring machine job work | D29: Rajkot, Gujarat, India | E29: Gujarat | F29: EOT Crane | G29: Single Girder Cranes | H29: 6351590630 | I29: basirboghara26@gmail.com | J29: NOT INTERESTED | K29: Arsh Boghara | L29: INDIAMART | M29: VIVEK
A30: =ROW()-1 -> 29 | B30: 46116 | C30: Sri Mahalakshmi Engineering Works | D30: 5-35/227,Shakthi puram,Prashanthi nagar,kukatpally, Hyderabad, Telangana, India | E30: Telangana | F30: Hoist | G30: Heavy Duty Wire Rope Hoist | H30: 9440860225 | I30: srimahalakshmi216@gmail.com | J30: NOT RECEIVED | K30: Santhosh | L30: INDIAMART | M30: SAKSHI
A31: =ROW()-1 -> 30 | B31: 46116 | C31: Andriya Shipping | D31: Thoothukudi, Tamil Nadu, India | E31: Tamil Nadu | F31: Jib Crane | G31: Pillar Mounted Jib Crane | H31: 7397256036 | I31: andriyashipping@gmail.com | J31: FAKE | K31: kaushik | L31: INDIAMART | M31: VIVEK
A32: =ROW()-1 -> 31 | B32: 46116 | C32: Universal Marketing Services | E32: Uttar Pradesh | F32: Hoist | G32: 3 Ton Electric Wire Rope Hoist | H32: 9443114544 | I32: umsscales@gmail.com | J32: NOT INTERESTED | K32: Ahilan Natarajan | L32: INDIAMART | M32: SAKSHI
A33: =ROW()-1 -> 32 | B33: 46116 | E33: Uttar Pradesh | F33: Hoist | G33: Electric Chain Hoist | H33: 9850103500 | I33: coolatul1994@gmail.com | J33: NOT RECEIVED | K33: atul | L33: INDIAMART | M33: SAKSHI
A34: =ROW()-1 -> 33 | B34: 46116 | D34: mumbai | E34: Uttar Pradesh | F34: Hoist | G34: hoist | H34: 9561900219 | I34: arjunkurhade66967@gmail.com | J34: LOST | K34: arjun | L34: INDIAMART | M34: SAKSHI
A35: =ROW()-1 -> 34 | B35: 46116 | C35: Shiv Enterprises | D35: H No 593,Dandavate Galli,Dandavate Galli,Vhanali,Kolhapur, Kolhapur, Maharashtra, India | E35: Maharashtra | F35: Hoist | G35: 1 Ton Electric Chain Hoist | H35: 9158772627 | I35: arvinddandwate2@gmail.com | J35: QUOTATION REQ. | K35: anita | L35: INDIAMART | M35: SAKSHI
A36: =ROW()-1 -> 35 | B36: 46116 | C36: S B Engineering | D36: 360, Shivaling Colony, Brahma Nagar, Belagavi, Karnataka, India | E36: Karnatka | F36: Hoist | G36: Electric Hoists | H36: 9606739416 | I36: shubhamwadekar35968@gmail.com | J36: NOT INTERESTED | K36: shubham | L36: INDIAMART | M36: SAKSHI
A37: =ROW()-1 -> 36 | B37: 46117 | C37: CLF PROJECTS PVT LTD | D37: Pune | E37: Maharashtra | F37: EOT Crane | G37: DG EOT Crane of 15/5MT Capacity | I37: purchase.infra@clfprojects.com' | J37: QUOTATION REQ. | L37: REFRENCE | M37: MALLESH | N37: 10-CLF PROJECTS-15/5T-05/041/26 | O37: 46117 | Q37: Quotation Sent
A38: =ROW()-1 -> 37 | B38: 46118 | C38: PMI Coaches Pvt Ltd | D38: Pune, Maharashtra, India | E38: Maharashtra | F38: Jib Crane | G38: Pillar Mounted Jib Crane | H38: 9158899611 | I38: AVINASHJAIN59@GMAIL.COM | J38: CONTACTED | K38: avinash jain | L38: INDIAMART | M38: VIVEK
A39: =ROW()-1 -> 38 | B39: 46118 | C39: S. H. Engineers | D39: Sector No. D-9/10, Industrial Estate, Baramati, Maharashtra, India | E39: Maharashtra | F39: Hoist | G39: Electric Wire Rope Hoist | H39: 9765356786 | I39: waseem.shikalkar@gmail.com | J39: NOT RECEIVED | K39: Waseem Shikalkar | L39: INDIAMART | M39: SAKSHI
A40: =ROW()-1 -> 39 | B40: 46118 | C40: Vertex Elevators India | D40: Office No 167, 1st Floor,, Pune, Maharashtra, India | E40: Maharashtra | F40: Hoist | G40: Electric Chain Hoist | H40: 7776076665 | J40: SITE VISIT REQ. | K40: Pramod Kinge | L40: INDIAMART | M40: SAKSHI
A41: =ROW()-1 -> 40 | B41: 46118 | C41: Buildchem | D41: Sangamner, Maharashtra, India | E41: Maharashtra | F41: Gantry Crane | G41: Portable Gantry Crane | H41: 9324811919 | I41: support@buildcheminfra.com | J41: FAKE | K41: gite | L41: INDIAMART | M41: VIVEK
A42: =ROW()-1 -> 41 | B42: 46118 | C42: Marketing Plus | D42: Ground Floor, N-116, Sector-12, Noida, Uttar Pradesh, India | E42: Uttar Pradesh | F42: Jib Crane | G42: Pillar Mounted Jib Crane | H42: 8130300040 | I42: marketingplus.gg@gmail.com | J42: FAKE | K42: Rahul Babbar | L42: INDIAMART | M42: VIVEK
A43: =ROW()-1 -> 42 | B43: 46118 | C43: Kamsiddha Engineers And Fabricators | D43: Gat No.1403, Near Mahalaxmi Green House, Sonwane Wasti, Chikhli, Pune, Maharashtra, India | E43: Maharashtra | F43: Hoist | G43: hoist | H43: 9637320354 | I43: kamsiddha.eng@gmail.com | J43: QUOTATION REQ. | K43: Devendra Bonde | L43: INDIAMART | M43: SAKSHI | N43: 15-RE-KAMSIDDHA-5T Hoist | O43: 46119 | Q43: Quotation Sent
A44: =ROW()-1 -> 43 | B44: 46118 | C44: JCB INDIA LTD | D44: Halol | E44: Maharashtra | F44: EOT Crane | I44: <pratik.patil@jcb.com> | J44: QUOTATION REQ. | L44: MAIL | M44: RAVI | N44: 01-JCB-2MT SG EOT | O44: 46118 | Q44: Quotation Sent
A45: =ROW()-1 -> 44 | B45: 46119 | C45: Irle Kay Jay Rolls Pvt. Ltd. | D45: Panchkula | E45: Haryana | F45: EOT Crane | H45: 8968593098 | I45: purchase@ikjrolls.com | J45: CONTACTED | L45: TRADEINDIA
A46: =ROW()-1 -> 45 | B46: 46119 | C46: BOMAG INDIA PVT LTD | D46: CHAKAN PUNE | E46: Maharashtra | F46: Others | G46: Dismantling & Installation of Existing Crane | I46: rajiv.gaikwad@dynapac.com' | J46: QUOTATION REQ. | K46: Vaibhav | L46: EXISTING CUS. | M46: RAVI | N46: 13/BOMAG/D&ICRANE-06/04/26 | Q46: Quotation Sent
A47: =ROW()-1 -> 46 | B47: 46119 | C47: EEPOS INDIA | D47: Pune | E47: Maharashtra | F47: Hoist | G47: Chain Hoist | H47: 7758036720 | I47: r' <bhagyashri@eeposcranes.co.in> | J47: WIN | K47: Bhagyashri Kumbha | L47: EXISTING CUS. | M47: SAKSHI | N47: 14-EEPOS-1MT CH -07/04/26 | O47: 46119 | Q47: PO Received
A48: =ROW()-1 -> 47 | B48: 46119 | C48: HYOSUNG T & D INDIA PVT LTD | D48: Pune | E48: Maharashtra | F48: Jib Crane | G48: Articulated Jib Crane of 500kg Capacity | I48: haidarali.darveshi@hyosung.com' | J48: WIN | K48: haidrali | L48: MAIL | M48: VIVEK | N48: 15-HT&DIPL-JC500kg -07/04/27 | O48: 46119 | Q48: PO Received
A49: =ROW()-1 -> 48 | B49: 46119 | C49: KAMSIDHA ENGNEERING & FABRICATIONS | D49: Pune | E49: Maharashtra | F49: Hoist | G49: Electric Wire Rope Hoist of 5MT Capacity | I49: kamsiddha.lif@gmail.com' | J49: QUOTATION REQ. | L49: INDIAMART | M49: VIVEK | N49: 15-KE&F-5MT WR HOIST-07/04/26 | O49: 46119 | Q49: Quotation Sent
A50: =ROW()-1 -> 49 | B50: 46119 | C50: Liftsafe Cranes India Pvt. Ltd | D50: Pune | E50: Maharashtra | F50: LCS | G50: KBK Long Rail & Cross Rails | H50: 9822577592 | I50: <liftsafesales@gmail.com> | J50: QUOTATION REQ. | K50: Pratiksha | L50: MAIL | M50: RAVI | N50: 16/LIFESAFE-LCS0.5T-07/04/26 | O50: 46119 | Q50: Quotation Sent
A51: =ROW()-1 -> 50 | B51: 46119 | C51: Endo kogyo India LTD | D51: Pune | E51: Maharashtra | F51: Jib Crane | G51: Pillar Mounted Jib Crane 250 Kg | H51: 8600120115 | I51: <eki1@endo-india.co.in> | J51: QUOTATION REQ. | K51: Akshay Salunkhe | L51: MAIL | M51: RAVI
A52: =ROW()-1 -> 51 | B52: 46119 | D52: Ludhiana, Punjab, India | E52: Punjab | F52: Hoist | G52: Electric Chain Hoist | I52: baljeetsainibaljeetkaur5008@gmail.com | J52: FAKE | L52: INDIAMART | M52: SAKSHI
A53: =ROW()-1 -> 52 | B53: 46119 | D53: Tirunelveli, Tamil Nadu, India | E53: Tamil Nadu | F53: Hoist | G53: Motorized Chain Hoist | H53: 9842020245 | J53: CONTACTED | L53: INDIAMART | M53: SAKSHI
A54: =ROW()-1 -> 53 | B54: 46119 | C54: xpert material handling | D54: Talwade, Pune Division, Pune, Maharashtra, India | E54: Maharashtra | F54: Hoist | G54: Electric Chain Hoist 2000kg | H54: 7769969765 | I54: purchase@xpertmhe.com | J54: QUOTATION REQ. | K54: Madan R | L54: INDIAMART | M54: SAKSHI
A55: =ROW()-1 -> 54 | B55: 46119 | C55: gayatri Agritech | D55: gayatri Agritech | E55: Maharashtra | F55: Jib Crane | G55: Heavy Duty Jib Crane | H55: 8857033592 | I55: shinde.abhay333@gmail.com | J55: NOT INTERESTED | K55: abhay | L55: INDIAMART | M55: VIVEK
A56: =ROW()-1 -> 55 | B56: 46119 | C56: Parker Hannifin India Pvt Ltd | D56: Mumbai, Maharashtra, India | E56: Maharashtra | F56: Manipulator | G56: Industrial Manipulator for Material Lifting | J56: NEW | K56: soham | L56: INDIAMART | M56: RAVI
A57: =ROW()-1 -> 56 | B57: 46119 | C57: HI TECH MACHINES TOOLS | D57: Mandi Gobindgarh | E57: Punjab | F57: EOT Crane | G57: eot crane | H57: 9780400793 | J57: NOT INTERESTED | K57: Jagdeep Singh | L57: TRADEINDIA | M57: VIVEK
A58: =ROW()-1 -> 57 | B58: 46119 | C58: sri satguru enterprises | D58: Pune, Maharashtra, India | E58: Maharashtra | F58: EOT Crane | G58: crane | J58: FAKE | K58: Nanasaheb Dnynoba Bagade | L58: INDIAMART | M58: VIVEK
A59: =ROW()-1 -> 58 | B59: 46119 | C59: EEPOS INDIA | D59: Pune | E59: Maharashtra | F59: Hoist | G59: electric chain Hoist | H59: 7722050915 | I59: <akash@eeposcranes.co.in> | J59: QUOTATION REQ. | K59: Akash Subhedar | L59: MAIL | M59: SAKSHI
A60: =ROW()-1 -> 59 | B60: 46120 | C60: GKN DRIVING | D60: Lonikand | E60: Maharashtra | F60: Hoist | G60: electric chain Hoist | J60: QUOTATION REQ. | L60: REFRENCE | M60: VIVEK
A61: =ROW()-1 -> 60 | B61: 46120 | C61: Mane Kancor Ingredients Pvt | D61: karnataka | E61: Telangana | F61: Hoist | G61: Electric Wire Rope Hoist of 5MT Capacity | H61: 9567698052 | I61: S Prabath <Prabath.S@MANE.com> | J61: QUOTATION REQ. | K61: Prabath S | L61: MAIL | M61: SAKSHI
A62: =ROW()-1 -> 61 | B62: 46120 | C62: Deccan Electro Works | D62: kolhpur | E62: Maharashtra | F62: Jib Crane | G62: jib crane | H62: 9370694025 | I62: raste.deccan@gmail.com | J62: LOST | K62: Avinash Raste Wasudeo | L62: TRADEINDIA | M62: VIVEK
A63: =ROW()-1 -> 62 | B63: 46120 | F63: EOT Crane | G63: Heavy duty cranes | H63: 7373390090 | J63: FAKE | K63: Allauddin Shaikh | L63: TRADEINDIA | M63: VIVEK
A64: =ROW()-1 -> 63 | B64: 46120 | C64: Jay Malhar Tredars | D64: Gat No 2181, Ground Floor, Pune, Maharashtra, India | E64: Maharashtra | F64: EOT Crane | G64: Single Beam EOT Crane | H64: 9764000241 | J64: NOT INTERESTED | K64: anil | L64: INDIAMART | M64: VIVEK
A65: =ROW()-1 -> 64 | B65: 46120 | C65: Nav Preet Transmission | D65: Nav Preet Transmission | E65: Maharashtra | F65: EOT Crane | G65: Industrial EOT Cranes | H65: 9730558867 | I65: shindeabhishek004@gmail.com | J65: LOST | K65: abhishek | L65: INDIAMART | M65: VIVEK
A66: =ROW()-1 -> 65 | B66: 46121 | C66: Arhan Technology | D66: Pune | E66: Maharashtra | F66: LCS | J66: QUOTATION REQ. | L66: MAIL | M66: RAVI | N66: 23-ARHAN-02T-LCS SS | O66: 46122 | Q66: Quotation Sent
A67: =ROW()-1 -> 66 | B67: 46121 | C67: Bothara Communication | D67: Nashik Division Maliwada, Pune, Maharashtra, India | E67: Maharashtra | F67: Hoist | G67: hoist | H67: 9403565656 | I67: pareshb56@yahoo.co.in | J67: CONTACTED | K67: Paresh Ventures | L67: INDIAMART | M67: SAKSHI
A68: =ROW()-1 -> 67 | B68: 46121 | D68: Ground, Gf-79, Devika Chamber, Devika Chamber, Rajnagar District, RDC, Ghaziabad, Uttar Pradesh, India | E68: Uttar Pradesh | F68: Manipulator | G68: Industrial Pneumatic Manipulator | H68: 7835907263 | J68: NEW | L68: INDIAMART | M68: RAVI
A69: =ROW()-1 -> 68 | B69: 46121 | C69: Liftsafe Cranes India Pvt. Ltd. | D69: Pune | E69: Maharashtra | F69: LCS | G69: LCS | I69: liftsafesales <liftsafesales@gmail.com> | J69: QUOTATION REQ. | L69: MAIL | M69: RAVI | N69: 24-Liftsafepvtltd-LCS SYSTEM500kg
A70: =ROW()-1 -> 69 | B70: 46121 | C70: SAARLOHA Advanced Materials Pvt. Ltd | D70: mudhawa | E70: Maharashtra | F70: Hoist | G70: ELECTRIC HOIST CAPACITY 1 TON WITH PUSH BUTTON | H70: 20-66215363 | I70: <yash.borade@saarloha.com> | J70: QUOTATION REQ. | K70: Yash Borade | L70: MAIL | M70: MALLESH | N70: 23-SAARLOHA-1T-CH-10/04/26 | O70: 46122 | Q70: Quotation Sent
A71: =ROW()-1 -> 70 | B71: 46121 | D71: surat | E71: Gujarat | F71: EOT Crane | G71: heavy duty eot cranes | H71: 9924546462 | I71: weldcare@yahoo.com | J71: NOT RECEIVED | L71: TRADEINDIA | M71: VIVEK
A72: =ROW()-1 -> 71 | B72: 46122 | C72: Project 2.0 | D72: House No 3/1284, Sr.No.46, Sagar Park, Old Mundhwa Road, Wadgaon Sheri, Pune, Maharashtra, India | E72: Maharashtra | F72: Gantry Crane | G72: Portable Gantry Crane | H72: 9921993346 | J72: FAKE | L72: INDIAMART | M72: VIVEK
A73: =ROW()-1 -> 72 | B73: 46122 | C73: JK Tyre | D73: Metagalii krs road mysore, Mysore, Karnataka, India | E73: Karnatka | F73: Hoist | G73: 1 Ton Factory Electric Chain Hoist | I73: dbcoe.chiefeng@gmail.com | J73: FAKE | L73: INDIAMART | M73: SAKSHI
A74: =ROW()-1 -> 73 | B74: 46122.603 | C74: New Company-None | F74: EOT Crane | H74: 9767035430 | J74: FAKE | L74: TRADEINDIA | M74: VIVEK
A75: =ROW()-1 -> 74 | B75: 46122.616 | C75: New Company - Prathamesh | D75: Pune | E75: Maharashtra | F75: EOT Crane | H75: 9702282453 | J75: FULFILLED | K75: Prathamesh | L75: TRADEINDIA | M75: VIVEK
A76: =ROW()-1 -> 75 | B76: 46122.769 | C76: numbermasking-inquiry-28972635 | F76: EOT Crane | H76: 8866146055 | J76: FAKE | L76: TRADEINDIA | M76: VIVEK
A77: =ROW()-1 -> 76 | B77: 46123 | C77: CSEB | D77: Korba, Chhattisgarh, India | E77: Chhattisgarh | F77: Jib Crane | G77: 5 TON | H77: 9826697787 | I77: m_k_jaiswal@rediffmail.com | J77: NOT RECEIVED | K77: Manoj | L77: INDIAMART | M77: VIVEK
A78: =ROW()-1 -> 77 | B78: 46123.726 | C78: Sri Lalitha Enterprises Industries (P) Limited | D78: Peddapuram | E78: Andhra Pradesh | F78: EOT Crane | H78: 9494154547 | I78: lalitharice@gmail.com | J78: NOT INTERESTED | K78: Mr. Srinivas | L78: TRADEINDIA | M78: VIVEK
A79: =ROW()-1 -> 78 | B79: 46125 | C79: New Company-Omkar | D79: Pune | E79: Maharashtra | F79: Hoist | G79: Capacity: 1000 kg | H79: 9380727062 | J79: FULFILLED | K79: Omkar | L79: TRADEINDIA | M79: SAKSHI
A80: =ROW()-1 -> 79 | B80: 46125 | C80: New Company-Akash Tapadar | D80: Nagaon | E80: Assam | F80: Jib Crane | H80: 7896329983 | J80: NOT RECEIVED | K80: Akash Tapadar | L80: TRADEINDIA | M80: VIVEK
A81: =ROW()-1 -> 80 | B81: 46125 | C81: Datta Industries | D81: Plot No A1 59, Pune, Maharashtra, India | E81: Maharashtra | F81: Gantry Crane | G81: 5TON | H81: 9112920002 | I81: lankeshjagadale@gmail.com | J81: NOT RECEIVED | K81: Lankesh Arjun Jagdale | L81: INDIAMART | M81: VIVEK
A82: =ROW()-1 -> 81 | B82: 46125 | C82: Super Mack | D82: Meerut, Uttar Pradesh, India | E82: Uttar Pradesh | F82: EOT Crane | G82: 5 TON | H82: 9927244404 | I82: saifi.sam80@gmail.com | J82: NOT RECEIVED | K82: Sameer | L82: INDIAMART | M82: VIVEK
A83: =ROW()-1 -> 82 | B83: 46125 | C83: sky india | D83: Ghaziabad | E83: Uttar Pradesh | F83: Jib Crane | H83: 9955331208 | I83: sanojkr1988@gmail.com | J83: NEW | K83: Sanoj kumar | L83: TRADEINDIA | M83: VIVEK
A84: =ROW()-1 -> 83 | B84: 46125 | C84: New Company-Akash Tapadar | D84: Nagaon,India | E84: Assam | F84: Jib Crane | H84: 7896329983 | J84: FAKE | K84: Akash Tapadar | L84: TRADEINDIA | M84: VIVEK
A85: =ROW()-1 -> 84 | B85: 46125 | C85: Shivangi Rolling Mill Pvt. Ltd. | D85: Pithampur | E85: Madhya Pradesh | F85: EOT Crane | G85: 7.5 & 10 ton | H85: 9109211469 | I85: store.purchase@shivangitmtbars.com | J85: QUOTATION REQ. | K85: Suraj Rajput | L85: INDIAMART | M85: VIVEK
A86: =ROW()-1 -> 85 | B86: 46125 | C86: SHAMKUMAR Mourya | D86: Satara | E86: Maharashtra | F86: Hoist | G86: 1000KG | H86: 7350928634 | I86: shammorya10@gmail.com | J86: NOT INTERESTED | K86: SHAMKUMAR Mourya | L86: INDIAMART | M86: SAKSHI
A87: =ROW()-1 -> 86 | B87: 46125 | C87: BAJAJ AUTO | F87: Others | G87: LIFTING MECHANISM[“ crane Traverse” | H87: 9881717449 | I87: nvranade@bajajauto.co.in | J87: QUOTATION REQ. | K87: Nilesh Ranade | L87: MAIL | M87: MALLESH | N87: 34-BAJAJAUTO-CRANE TRANVERSE- | O87: 46125
A88: =ROW()-1 -> 87 | B88: 46126 | C88: Cummins Generator india pvt ltd | D88: NAGAR | E88: Maharashtra | F88: Hoist | G88: 1T and 2T crane hoist | H88: 9665511982 | I88: vaibhav.randhave@cummins.com | J88: QUOTATION REQ. | K88: Vaibhav Randhave | L88: MAIL | M88: MALLESH
A89: =ROW()-1 -> 88 | B89: 46126 | C89: Primerail infralabs pvt ltd | D89: Madurai | E89: Tamil Nadu | F89: Jib Crane | G89: 5 ton | H89: 9360635558 | I89: nhariharan62@gmail.com | J89: QUOTATION REQ. | K89: HARIHARAN | L89: INDIAMART | M89: SAKSHI
A90: =ROW()-1 -> 89 | B90: 46126 | C90: SANY HEAVY INDUSTRIES | D90: Pune | E90: Maharashtra | F90: Others | G90: Shifting of 3-ton SG crane and others | H90: 9021200819 | I90: kishor.nirmal@sanygroup.com | J90: QUOTATION REQ. | K90: Kishor Nirmal | L90: MAIL | M90: SAKSHI | N90: 34-re-SANY HEAVYINDUSTRIES- | O90: 46126
A91: =ROW()-1 -> 90 | B91: 46126 | C91: ENDO | D91: Mumbai | E91: Maharashtra | F91: EOT Crane | G91: EOT Cranes (Railway Project) | H91: 8600120115 | I91: eki1@endo-india.co.in | J91: QUOTATION REQ. | K91: Akshay Salunkhe | L91: MAIL | M91: RAVI
A92: =ROW()-1 -> 91 | B92: 46126 | C92: NEXT COOLING TECHNOLOGIES INDIA PVT LTD (NEXT COOLING) | D92: Surat | E92: Maharashtra | F92: Jib Crane | G92: RFQ for CPB and zip crane FOR BPCL Kochi Project. | H92: 9013295927 | I92: Bipin@as-cti.com | J92: QUOTATION REQ. | K92: Bipin Agnihotri | L92: MAIL | M92: RAVI
A93: =ROW()-1 -> 92 | B93: 46126 | C93: R k construction | D93: Pune | E93: Maharashtra | F93: Hoist | G93: 1 ton | H93: 9623553952 | I93: raoshebtele22@yahoo.com | J93: NOT RECEIVED | K93: Rao Saheb | L93: INDIAMART
A94: =ROW()-1 -> 93 | B94: 46126 | C94: Orgogroup | D94: Pune | E94: Maharashtra | F94: Hoist | G94: Quote For Hoist | H94: 9987274888 | I94: gaurav@orgogroup.in | J94: QUOTATION REQ. | K94: Gaurav Nalawade | L94: MAIL | M94: RAVI | N94: 38- | O94: 46126 | P94: 10,70,450
A95: =ROW()-1 -> 94 | B95: 46126 | C95: Jalaram Industries | D95: Jalgaon | E95: Maharashtra | F95: Jib Crane | G95: 2 Ton Wall Mounted Jib Crane | H95: 9373127716 | I95: kapilpatel1005@gmail.com | J95: NEW | K95: Kabir Patel | L95: INDIAMART | M95: VIVEK
A96: =ROW()-1 -> 95 | B96: 46126 | C96: Vishwkarma Enterprises | D96: Vasai Virar | E96: Maharashtra | F96: Hoist | G96: 500KG | H96: 9890355831 | I96: vishwakarmaenter123@gmail.com | J96: CONTACTED | K96: Kanhaiya | L96: INDIAMART | M96: SAKSHI
A97: =ROW()-1 -> 96 | B97: 46126 | C97: Weld Zone | D97: Gorakhpur | E97: Uttar Pradesh | F97: Jib Crane | G97: 500KG | H97: 8853613504 | I97: weldzone2016@gmail.com | J97: NEW | L97: INDIAMART | M97: VIVEK
A98: =ROW()-1 -> 97 | B98: 46126 | C98: Smodi Infrasteel Pvt. Ltd | D98: Mumbai | E98: Maharashtra | F98: Jib Crane | G98: 2 TON | H98: 9005754410 | I98: gaurav.dare.111@gmail.om | J98: QUOTATION REQ. | L98: TRADEINDIA | M98: VIVEK
A99: =ROW()-1 -> 98 | B99: 46126 | C99: New Company- Jagdish | D99: Mumbai | E99: Maharashtra | F99: EOT Crane | G99: Eot cranes | H99: 8689894020 | I99: jag.141269@gmail.com | J99: NEW | K99: Mr Jagdish | L99: TRADEINDIA | M99: VIVEK
A100: =ROW()-1 -> 99 | B100: 46126 | C100: whatsapp-inquiry-29023312 | E100: Maharashtra | F100: Jib Crane | G100: New Inquiry for Jib Crane | H100: 9044104660 | J100: NEW | K100: SHEKHAR VISHWAKARMA | L100: TRADEINDIA | M100: VIVEK
...

Sheet Dashboard
B2: SALES DEPARTMENT | W2: =TODAY() -> 46132
B3: TOTAL NO LEADS | D3: TODAY | E3: YESTURDAY | F3: DAY BRFORE | H3: TOTAL VALUE: | I3: PO RECEIVED | K3: YEAR | L3: MONTH | N3: NEW LEADS
B4: =Table5[[#Totals],[NOS]] -> 125 | D4: ='DATA SHEET'!L11 -> 0 | E4: ='DATA SHEET'!L12 -> 0 | F4: ='DATA SHEET'!L17 -> 0 | H4: ='DATA SHEET'!L14 -> 450000 | I4: ='DATA SHEET'!L15 -> 0 | K4: ='DATA SHEET'!L16 -> 125 | L4: ='DATA SHEET'!L13 -> 125 | N4: ='DATA SHEET'!H11 -> 17

Sheet DATA SHEET
C2: STATES | D2: No | G2: SALES OVERVIEW | K2: LEAD OWNER | L2: NO | N2: 📊 Weekly Dashboard (Mon–Sun) | R2: 📊 Yearly Dashboard (Jan–Dec 2026)
C3: Andhra Pradesh | D3: =COUNTIF('Lead Tracker'!E:E,"Andhra Pradesh") -> 1 | G3: REFRENCE | H3: =COUNTIF('Lead Tracker'!L:L, G3) -> 5 | K3: MALLESH | L3: =COUNTIF('Lead Tracker'!M:M, K3) -> 6 | N3: Day | O3: NOS | P3: Amount Formula | R3: Month | S3: NOS | T3: Amount Formula
C4: Arunachal Pradesh | D4: =COUNTIF('Lead Tracker'!E:E,"Andhra Pradesh") -> 1 | G4: EXISTING CUS. | H4: =COUNTIF('Lead Tracker'!L:L, G4) -> 9 | K4: RAVI | L4: =COUNTIF('Lead Tracker'!M:M, K4) -> 18 | N4: Monday | O4: =COUNTIFS('Lead Tracker'!B:B, TODAY()-WEEKDAY(TODAY(),2)+1) -> 0 | P4: =SUMIFS('Lead Tracker'!P:P, 'Lead Tracker'!B:B, TODAY()-WEEKDAY(TODAY(),2)+1) -> 0 | R4: 46113 | S4: =COUNTIFS('Lead Tracker'!B:B,">="&DATE(2026,4,1),'Lead Tracker'!B:B,"<="&DATE(2026,4,30)) -> 125 | T4: =SUMIFS('Lead Tracker'!P:P,'Lead Tracker'!B:B,">="&DATE(2026,4,1),'Lead Tracker'!B:B,"<="&DATE(2026,4,30)) -> 450000
C5: Assam | D5: =COUNTIF('Lead Tracker'!E:E,"Assam") -> 2 | G5: MAIL | H5: =COUNTIF('Lead Tracker'!L:L, G5) -> 22 | K5: HARSH | L5: =COUNTIF('Lead Tracker'!M:M, K5) -> 2 | N5: Tuesday | O5: =COUNTIFS('Lead Tracker'!B:B, TODAY()-WEEKDAY(TODAY(),2)+2) -> 0 | P5: =SUMIFS('Lead Tracker'!P:P, 'Lead Tracker'!B:B, TODAY()-WEEKDAY(TODAY(),2)+2) -> 0 | R5: 46143 | S5: =COUNTIFS('Lead Tracker'!B:B,">="&DATE(2026,5,1),'Lead Tracker'!B:B,"<="&DATE(2026,5,31)) -> 0 | T5: =SUMIFS('Lead Tracker'!P:P,'Lead Tracker'!B:B,">="&DATE(2026,5,1),'Lead Tracker'!B:B,"<="&DATE(2026,5,31)) -> 0
C6: Bihar | D6: =COUNTIF('Lead Tracker'!E:E,"Bihar") -> 0 | G6: INDIAMART | H6: =COUNTIF('Lead Tracker'!L:L, G6) -> 58 | K6: VIVEK | L6: =COUNTIF('Lead Tracker'!M:M, K6) -> 61 | N6: Wednesday | O6: =COUNTIFS('Lead Tracker'!B:B, TODAY()-WEEKDAY(TODAY(),2)+3) -> 0 | P6: =SUMIFS('Lead Tracker'!P:P, 'Lead Tracker'!B:B, TODAY()-WEEKDAY(TODAY(),2)+3) -> 0 | R6: 46174 | S6: =COUNTIFS('Lead Tracker'!B:B,">="&DATE(2026,6,1),'Lead Tracker'!B:B,"<="&DATE(2026,6,30)) -> 0 | T6: =SUMIFS('Lead Tracker'!P:P,'Lead Tracker'!B:B,">="&DATE(2026,6,1),'Lead Tracker'!B:B,"<="&DATE(2026,6,30)) -> 0
C7: Chhattisgarh | D7: =COUNTIF('Lead Tracker'!E:E,"Chhattisgarh") -> 1 | G7: OUT SOURCE | H7: =COUNTIF('Lead Tracker'!L:L, G7) -> 2 | K7: SAKSHI | L7: =COUNTIF('Lead Tracker'!M:M, K7) -> 36 | N7: Thursday | O7: =COUNTIFS('Lead Tracker'!B:B, TODAY()-WEEKDAY(TODAY(),2)+4) -> 0 | P7: =SUMIFS('Lead Tracker'!P:P, 'Lead Tracker'!B:B, TODAY()-WEEKDAY(TODAY(),2)+4) -> 0 | R7: 46204 | S7: =COUNTIFS('Lead Tracker'!B:B,">="&DATE(2026,7,1),'Lead Tracker'!B:B,"<="&DATE(2026,7,31)) -> 0 | T7: =SUMIFS('Lead Tracker'!P:P,'Lead Tracker'!B:B,">="&DATE(2026,7,1),'Lead Tracker'!B:B,"<="&DATE(2026,7,31)) -> 0
C8: Goa | D8: =COUNTIF('Lead Tracker'!E:E,"Goa") -> 0 | G8: TRADEINDIA | H8: =COUNTIF('Lead Tracker'!L:L, G8) -> 29 | N8: Friday | O8: =COUNTIFS('Lead Tracker'!B:B, TODAY()-WEEKDAY(TODAY(),2)+5) -> 0 | P8: =SUMIFS('Lead Tracker'!P:P, 'Lead Tracker'!B:B, TODAY()-WEEKDAY(TODAY(),2)+5) -> 0 | R8: 46235 | S8: =COUNTIFS('Lead Tracker'!B:B,">="&DATE(2026,8,1),'Lead Tracker'!B:B,"<="&DATE(2026,8,31)) -> 0 | T8: =SUMIFS('Lead Tracker'!P:P,'Lead Tracker'!B:B,">="&DATE(2026,8,1),'Lead Tracker'!B:B,"<="&DATE(2026,8,31)) -> 0
C9: Gujarat | D9: =COUNTIF('Lead Tracker'!E:E,"Gujarat") -> 2 | K9: DASH | N9: Saturday | O9: =COUNTIFS('Lead Tracker'!B:B, TODAY()-WEEKDAY(TODAY(),2)+6) -> 0 | P9: =SUMIFS('Lead Tracker'!P:P, 'Lead Tracker'!B:B, TODAY()-WEEKDAY(TODAY(),2)+6) -> 0 | R9: 46266 | S9: =COUNTIFS('Lead Tracker'!B:B,">="&DATE(2026,9,1),'Lead Tracker'!B:B,"<="&DATE(2026,9,30)) -> 0 | T9: =SUMIFS('Lead Tracker'!P:P,'Lead Tracker'!B:B,">="&DATE(2026,9,1),'Lead Tracker'!B:B,"<="&DATE(2026,9,30)) -> 0
C10: Haryana | D10: =COUNTIF('Lead Tracker'!E:E,"Haryana") -> 2 | G10: INQUIRY | H10: NOS | K10: LEADS DATA | L10: VALUE | N10: Sunday | O10: =COUNTIFS('Lead Tracker'!B:B, TODAY()-WEEKDAY(TODAY(),2)+7) -> 0 | P10: =SUMIFS('Lead Tracker'!P:P, 'Lead Tracker'!B:B, TODAY()-WEEKDAY(TODAY(),2)+7) -> 0 | R10: 46296 | S10: =COUNTIFS('Lead Tracker'!B:B,">="&DATE(2026,10,1),'Lead Tracker'!B:B,"<="&DATE(2026,10,31)) -> 0 | T10: =SUMIFS('Lead Tracker'!P:P,'Lead Tracker'!B:B,">="&DATE(2026,10,1),'Lead Tracker'!B:B,"<="&DATE(2026,10,31)) -> 0
C11: Himachal Pradesh | D11: =COUNTIF('Lead Tracker'!E:E,"Himachal Pradesh") -> 0 | G11: NEW | H11: =COUNTIF('Lead Tracker'!J:J, G11) -> 17 | K11: TODAY | L11: =COUNTIF('Lead Tracker'!B:B, TODAY()) -> 0 | N11: =SUBTOTAL(109,N4:N10) -> 0 | O11: =SUBTOTAL(109,O4:O10) -> 0 | P11: =SUBTOTAL(109,P4:P10) -> 0 | R11: 46327 | S11: =COUNTIFS('Lead Tracker'!B:B,">="&DATE(2026,11,1),'Lead Tracker'!B:B,"<="&DATE(2026,11,30)) -> 0 | T11: =SUMIFS('Lead Tracker'!P:P,'Lead Tracker'!B:B,">="&DATE(2026,11,1),'Lead Tracker'!B:B,"<="&DATE(2026,11,30)) -> 0
C12: Jharkhand | D12: =COUNTIF('Lead Tracker'!E:E,"Jharkhand") -> 0 | G12: WIN | H12: =COUNTIF('Lead Tracker'!J:J, G12) -> 2 | K12: YESTURDAY | L12: =COUNTIF('Lead Tracker'!B:B, TODAY()-1) -> 0 | R12: 46357 | S12: =COUNTIFS('Lead Tracker'!B:B,">="&DATE(2026,12,1),'Lead Tracker'!B:B,"<="&DATE(2026,12,31)) -> 0 | T12: =SUMIFS('Lead Tracker'!P:P,'Lead Tracker'!B:B,">="&DATE(2026,12,1),'Lead Tracker'!B:B,"<="&DATE(2026,12,31)) -> 0
C13: Telangana | D13: =COUNTIF('Lead Tracker'!E:E,"Telangana") -> 2 | G13: LOST | H13: =COUNTIF('Lead Tracker'!J:J, G13) -> 5 | K13: MONTHS | L13: =COUNTIFS('Lead Tracker'!B:B, ">="&EOMONTH(TODAY(),-1)+1, 'Lead Tracker'!B:B, "<="&EOMONTH(TODAY(),0)) -> 125 | R13: 46388
C14: Kerala | D14: =COUNTIF('Lead Tracker'!E:E,"Kerala") -> 0 | G14: CONTACTED | H14: =COUNTIF('Lead Tracker'!J:J, G14) -> 10 | K14: TOTAL VALUE | L14: =SUM(T4:T16) -> 450000 | R14: 46419
C15: Madhya Pradesh | D15: =COUNTIF('Lead Tracker'!E:E,"Madhya Pradesh") -> 1 | G15: NOT INTERESTED | H15: =COUNTIF('Lead Tracker'!J:J, G15) -> 14 | K15: PO RECEIVED | L15: =SUMIFS('Lead Tracker'!P:P, 'Lead Tracker'!Q:Q, "PO Received") -> 0 | R15: 46447
C16: Maharashtra | D16: =COUNTIF('Lead Tracker'!E:E,"Maharashtra") -> 78 | G16: SITE VISIT REQ. | H16: =COUNTIF('Lead Tracker'!J:J, G16) -> 1 | K16: YEAR | L16: =SUBTOTAL(109,S4:S12) -> 125 | R16: 46478
C17: Manipur | D17: =COUNTIF('Lead Tracker'!E:E,"Manipur") -> 0 | G17: QUOTATION REQ. | H17: =COUNTIF('Lead Tracker'!J:J, G17) -> 42 | K17: DAY BEFORE YESTURDAY | L17: =COUNTIF('Lead Tracker'!B:B, TODAY()-2) -> 0 | S17: =SUBTOTAL(109,S4:S16) -> 125 | T17: =SUBTOTAL(109,T4:T16) -> 450000
C18: Meghalaya | D18: =COUNTIF('Lead Tracker'!E:E,"Meghalaya") -> 0 | G18: NOT RECEIVED | H18: =COUNTIF('Lead Tracker'!J:J, G18) -> 14
C19: Karnatka | D19: =COUNTIF('Lead Tracker'!E:E,"Karnatka") -> 3 | G19: FAKE | H19: =COUNTIF('Lead Tracker'!J:J, G19) -> 16 | K19: CRANE TYPES
C20: Mizoram | D20: =COUNTIF('Lead Tracker'!E:E,"Mizoram") -> 0 | G20: FULFILLED | H20: =COUNTIF('Lead Tracker'!J:J, G20) -> 2 | K20: TYPES OF CRANES | L20: NOS
C21: Nagaland | D21: =COUNTIF('Lead Tracker'!E:E,"Nagaland") -> 0 | G21: QUOTATION SHARED | H21: =COUNTIF('Lead Tracker'!J:J, G21) -> 2 | K21: Modification | L21: =COUNTIF('Lead Tracker'!F:F, K21) -> 0
C22: Odisha | D22: =COUNTIF('Lead Tracker'!E:E,"Odisha") -> 0 | K22: LCS | L22: =COUNTIF('Lead Tracker'!F:F, K22) -> 3
C23: Punjab | D23: =COUNTIF('Lead Tracker'!E:E,"Punjab") -> 4 | K23: Monorail | L23: =COUNTIF('Lead Tracker'!F:F, K23) -> 0
C24: Rajasthan | D24: =COUNTIF('Lead Tracker'!E:E,"Rajasthan") -> 2 | G24: QUOTATIONS | K24: EOT Crane | L24: =COUNTIF('Lead Tracker'!F:F, K24) -> 30
C25: Sikkim | D25: =COUNTIF('Lead Tracker'!E:E,"Sikkim") -> 0 | G25: Quotation Status | H25: NOS | K25: Jib Crane | L25: =COUNTIF('Lead Tracker'!F:F, K25) -> 23
C26: Tamil Nadu | D26: =COUNTIF('Lead Tracker'!E:E,"Tamil Nadu") -> 5 | G26: Quotation Sent | H26: =COUNTIF('Lead Tracker'!Q:Q, G26) -> 12 | K26: Hoist | L26: =COUNTIF('Lead Tracker'!F:F, K26) -> 43
C27: Tripura | D27: =COUNTIF('Lead Tracker'!E:E,"Tripura") -> 0 | G27: Clarification Pending | H27: =COUNTIF('Lead Tracker'!Q:Q, G27) -> 0 | K27: Gantry Crane | L27: =COUNTIF('Lead Tracker'!F:F, K27) -> 7
C28: Uttar Pradesh | D28: =COUNTIF('Lead Tracker'!E:E,"Uttar Pradesh") -> 12 | G28: Discussion Ongoing | H28: =COUNTIF('Lead Tracker'!Q:Q, G28) -> 0 | K28: Manipulator | L28: =COUNTIF('Lead Tracker'!F:F, K28) -> 5
C29: Uttarakhand | D29: =COUNTIF('Lead Tracker'!E:E,"Uttarakhand") -> 0 | G29: On Hold | H29: =COUNTIF('Lead Tracker'!Q:Q, G29) -> 0 | K29: Scissor Lifter | L29: =COUNTIF('Lead Tracker'!F:F, K29) -> 0
C30: West Bengal | D30: =COUNTIF('Lead Tracker'!E:E,"West Bengal") -> 0 | G30: PO Received | H30: =COUNTIF('Lead Tracker'!Q:Q, G30) -> 2 | K30: Others | L30: =COUNTIF('Lead Tracker'!F:F, K30) -> 12
C31: Others | D31: =COUNTIF('Lead Tracker'!E:E,"Others") -> 0 | G31: Closed | H31: =COUNTIF('Lead Tracker'!Q:Q, G31) -> 0 | K31: Underslung | L31: =COUNTIF('Lead Tracker'!F:F, K31) -> 0
C32: International | D32: =COUNTIF('Lead Tracker'!E:E,"International") -> 0 | G32: In Progress | H32: =COUNTIF('Lead Tracker'!Q:Q, G32) -> 0 | K32: Goliath | L32: =COUNTIF('Lead Tracker'!F:F, K32) -> 1
C33: TOTAL LEADS | D33: =SUBTOTAL(109,Table4[No]) -> 116 | G33: NA | H33: =COUNTIF('Lead Tracker'!Q:Q, G33) -> 0
G35: =TODAY() -> 46132 | K35: =G35 -> 46132
G36: INQUIRY | H36: NOS | K36: SALES OVERVIEW
G37: NEW | H37: =COUNTIFS('Lead Tracker'!J:J, G37, 'Lead Tracker'!B:B, $G$35) -> 0 | K37: REFRENCE | L37: =COUNTIFS('Lead Tracker'!L:L, G3, 'Lead Tracker'!B:B, $G$35) -> 0
G38: WIN | H38: =COUNTIFS('Lead Tracker'!J:J, G38, 'Lead Tracker'!B:B, $G$35) -> 0 | K38: EXISTING CUS. | L38: =COUNTIFS('Lead Tracker'!L:L, G4, 'Lead Tracker'!B:B, $G$35) -> 0
G39: LOST | H39: =COUNTIFS('Lead Tracker'!J:J, G39, 'Lead Tracker'!B:B, $G$35) -> 0 | K39: MAIL | L39: =COUNTIFS('Lead Tracker'!L:L, G5, 'Lead Tracker'!B:B, $G$35) -> 0
G40: CONTACTED | H40: =COUNTIFS('Lead Tracker'!J:J, G40, 'Lead Tracker'!B:B, $G$35) -> 0 | K40: INDIAMART | L40: =COUNTIFS('Lead Tracker'!L:L, G6, 'Lead Tracker'!B:B, $G$35) -> 0
G41: NOT INTERESTED | H41: =COUNTIFS('Lead Tracker'!J:J, G41, 'Lead Tracker'!B:B, $G$35) -> 0 | K41: OUT SOURCE | L41: =COUNTIFS('Lead Tracker'!L:L, G7, 'Lead Tracker'!B:B, $G$35) -> 0
G42: SITE VISIT REQ. | H42: =COUNTIFS('Lead Tracker'!J:J, G42, 'Lead Tracker'!B:B, $G$35) -> 0 | K42: TRADEINDIA | L42: =COUNTIFS('Lead Tracker'!L:L, G8, 'Lead Tracker'!B:B, $G$35) -> 0
G43: QUOTATION REQ. | H43: =COUNTIFS('Lead Tracker'!J:J, G43, 'Lead Tracker'!B:B, $G$35) -> 0
G44: NOT RECEIVED | H44: =COUNTIFS('Lead Tracker'!J:J, G44, 'Lead Tracker'!B:B, $G$35) -> 0
G45: FAKE | H45: =COUNTIFS('Lead Tracker'!J:J, G45, 'Lead Tracker'!B:B, $G$35) -> 0
G46: FULFILLED | H46: =COUNTIFS('Lead Tracker'!J:J, G46, 'Lead Tracker'!B:B, $G$35) -> 0
G47: TOTAL | H47: =SUM(H37:H46) -> 0

Sheet SUMMARY
D2: DATA SHEET
D3: LEAD SOURCES | F3: NEW | G3: WIN | H3: LOST | I3: CONTACTED | J3: NOT INTERESTED | K3: SITE VISIT REQ. | L3: QUOTATION REQ. | M3: NOT RECEIVED | N3: FAKE | O3: FULFILLED | P3: QUOTATION SHARED
D4: DATA | E4: =Table5[[#Totals],[NOS]] -> 125 | F4: =COUNTIF('Lead Tracker'!$J:$J,F3) -> 17 | G4: =COUNTIF('Lead Tracker'!$J:$J,G3) -> 2 | H4: =COUNTIF('Lead Tracker'!$J:$J,H3) -> 5 | I4: =COUNTIF('Lead Tracker'!$J:$J,I3) -> 10 | J4: =COUNTIF('Lead Tracker'!$J:$J,J3) -> 14 | K4: =COUNTIF('Lead Tracker'!$J:$J,K3) -> 1 | L4: =COUNTIF('Lead Tracker'!$J:$J,L3) -> 42 | M4: =COUNTIF('Lead Tracker'!$J:$J,M3) -> 14 | ... P4: =COUNTIF('Lead Tracker'!$J:$J,P3) -> 2
D5: REFRENCE | E5: =COUNTIF('Lead Tracker'!L:L, D5) -> 5 | F5: =COUNTIFS('Lead Tracker'!$L:$L,D5,'Lead Tracker'!$J:$J,$F$3) -> 0 | G5: =COUNTIFS('Lead Tracker'!$L:$L,D5,'Lead Tracker'!$J:$J,$G$3) -> 0 | H5: =COUNTIFS('Lead Tracker'!$L:$L,D5,'Lead Tracker'!$J:$J,$H$3) -> 0 | I5: =COUNTIFS('Lead Tracker'!$L:$L,D5,'Lead Tracker'!$J:$J,$I$3) -> 0 | J5: =COUNTIFS('Lead Tracker'!$L:$L,D5,'Lead Tracker'!$J:$J,$J$3) -> 0 | K5: =COUNTIFS('Lead Tracker'!$L:$L,D5,'Lead Tracker'!$J:$J,$K$3) -> 0 | L5: =COUNTIFS('Lead Tracker'!$L:$L,D5,'Lead Tracker'!$J:$J,$L$3) -> 5 | M5: =COUNTIFS('Lead Tracker'!$L:$L,D5,'Lead Tracker'!$J:$J,$M$3) -> 0 | N5: =COUNTIFS('Lead Tracker'!$L:$L,D5,'Lead Tracker'!$J:$J,$N$3) -> 0 | O5: =COUNTIFS('Lead Tracker'!$L:$L,D5,'Lead Tracker'!$J:$J,$O$3) -> 0 | P5: =COUNTIFS('Lead Tracker'!$L:$L,D5,'Lead Tracker'!$J:$J,$P$3) -> 0
D6: EXISTING CUS. | E6: =COUNTIF('Lead Tracker'!L:L, D6) -> 9 | F6: =COUNTIFS('Lead Tracker'!$L:$L,D6,'Lead Tracker'!$J:$J,$F$3) -> 0 | G6: =COUNTIFS('Lead Tracker'!$L:$L,D6,'Lead Tracker'!$J:$J,$G$3) -> 1 | H6: =COUNTIFS('Lead Tracker'!$L:$L,D6,'Lead Tracker'!$J:$J,$H$3) -> 0 | I6: =COUNTIFS('Lead Tracker'!$L:$L,D6,'Lead Tracker'!$J:$J,$I$3) -> 0 | J6: =COUNTIFS('Lead Tracker'!$L:$L,D6,'Lead Tracker'!$J:$J,$J$3) -> 0 | K6: =COUNTIFS('Lead Tracker'!$L:$L,D6,'Lead Tracker'!$J:$J,$K$3) -> 0 | L6: =COUNTIFS('Lead Tracker'!$L:$L,D6,'Lead Tracker'!$J:$J,$L$3) -> 8 | M6: =COUNTIFS('Lead Tracker'!$L:$L,D6,'Lead Tracker'!$J:$J,$M$3) -> 0 | N6: =COUNTIFS('Lead Tracker'!$L:$L,D6,'Lead Tracker'!$J:$J,$N$3) -> 0 | O6: =COUNTIFS('Lead Tracker'!$L:$L,D6,'Lead Tracker'!$J:$J,$O$3) -> 0 | P6: =COUNTIFS('Lead Tracker'!$L:$L,D6,'Lead Tracker'!$J:$J,$P$3) -> 0
D7: MAIL | E7: =COUNTIF('Lead Tracker'!L:L, D7) -> 22 | F7: =COUNTIFS('Lead Tracker'!$L:$L,D7,'Lead Tracker'!$J:$J,$F$3) -> 2 | G7: =COUNTIFS('Lead Tracker'!$L:$L,D7,'Lead Tracker'!$J:$J,$G$3) -> 1 | H7: =COUNTIFS('Lead Tracker'!$L:$L,D7,'Lead Tracker'!$J:$J,$H$3) -> 0 | I7: =COUNTIFS('Lead Tracker'!$L:$L,D7,'Lead Tracker'!$J:$J,$I$3) -> 1 | J7: =COUNTIFS('Lead Tracker'!$L:$L,D7,'Lead Tracker'!$J:$J,$J$3) -> 0 | K7: =COUNTIFS('Lead Tracker'!$L:$L,D7,'Lead Tracker'!$J:$J,$K$3) -> 0 | L7: =COUNTIFS('Lead Tracker'!$L:$L,D7,'Lead Tracker'!$J:$J,$L$3) -> 16 | M7: =COUNTIFS('Lead Tracker'!$L:$L,D7,'Lead Tracker'!$J:$J,$M$3) -> 0 | N7: =COUNTIFS('Lead Tracker'!$L:$L,D7,'Lead Tracker'!$J:$J,$N$3) -> 0 | O7: =COUNTIFS('Lead Tracker'!$L:$L,D7,'Lead Tracker'!$J:$J,$O$3) -> 0 | P7: =COUNTIFS('Lead Tracker'!$L:$L,D7,'Lead Tracker'!$J:$J,$P$3) -> 2
D8: INDIAMART | E8: =COUNTIF('Lead Tracker'!L:L, D8) -> 58 | F8: =COUNTIFS('Lead Tracker'!$L:$L,D8,'Lead Tracker'!$J:$J,$F$3) -> 9 | G8: =COUNTIFS('Lead Tracker'!$L:$L,D8,'Lead Tracker'!$J:$J,$G$3) -> 0 | H8: =COUNTIFS('Lead Tracker'!$L:$L,D8,'Lead Tracker'!$J:$J,$H$3) -> 3 | I8: =COUNTIFS('Lead Tracker'!$L:$L,D8,'Lead Tracker'!$J:$J,$I$3) -> 7 | J8: =COUNTIFS('Lead Tracker'!$L:$L,D8,'Lead Tracker'!$J:$J,$J$3) -> 10 | K8: =COUNTIFS('Lead Tracker'!$L:$L,D8,'Lead Tracker'!$J:$J,$K$3) -> 1 | L8: =COUNTIFS('Lead Tracker'!$L:$L,D8,'Lead Tracker'!$J:$J,$L$3) -> 10 | M8: =COUNTIFS('Lead Tracker'!$L:$L,D8,'Lead Tracker'!$J:$J,$M$3) -> 9 | N8: =COUNTIFS('Lead Tracker'!$L:$L,D8,'Lead Tracker'!$J:$J,$N$3) -> 9 | O8: =COUNTIFS('Lead Tracker'!$L:$L,D8,'Lead Tracker'!$J:$J,$O$3) -> 0 | P8: =COUNTIFS('Lead Tracker'!$L:$L,D8,'Lead Tracker'!$J:$J,$P$3) -> 0
D9: OUT SOURCE | E9: =COUNTIF('Lead Tracker'!L:L, D9) -> 2 | F9: =COUNTIFS('Lead Tracker'!$L:$L,D9,'Lead Tracker'!$J:$J,$F$3) -> 0 | G9: =COUNTIFS('Lead Tracker'!$L:$L,D9,'Lead Tracker'!$J:$J,$G$3) -> 0 | H9: =COUNTIFS('Lead Tracker'!$L:$L,D9,'Lead Tracker'!$J:$J,$H$3) -> 0 | I9: =COUNTIFS('Lead Tracker'!$L:$L,D9,'Lead Tracker'!$J:$J,$I$3) -> 1 | J9: =COUNTIFS('Lead Tracker'!$L:$L,D9,'Lead Tracker'!$J:$J,$J$3) -> 0 | K9: =COUNTIFS('Lead Tracker'!$L:$L,D9,'Lead Tracker'!$J:$J,$K$3) -> 0 | L9: =COUNTIFS('Lead Tracker'!$L:$L,D9,'Lead Tracker'!$J:$J,$L$3) -> 1 | M9: =COUNTIFS('Lead Tracker'!$L:$L,D9,'Lead Tracker'!$J:$J,$M$3) -> 0 | N9: =COUNTIFS('Lead Tracker'!$L:$L,D9,'Lead Tracker'!$J:$J,$N$3) -> 0 | O9: =COUNTIFS('Lead Tracker'!$L:$L,D9,'Lead Tracker'!$J:$J,$O$3) -> 0 | P9: =COUNTIFS('Lead Tracker'!$L:$L,D9,'Lead Tracker'!$J:$J,$P$3) -> 0
D10: TRADEINDIA | E10: =COUNTIF('Lead Tracker'!L:L, D10) -> 29 | F10: =COUNTIFS('Lead Tracker'!$L:$L,D10,'Lead Tracker'!$J:$J,$F$3) -> 6 | G10: =COUNTIFS('Lead Tracker'!$L:$L,D10,'Lead Tracker'!$J:$J,$G$3) -> 0 | H10: =COUNTIFS('Lead Tracker'!$L:$L,D10,'Lead Tracker'!$J:$J,$H$3) -> 2 | I10: =COUNTIFS('Lead Tracker'!$L:$L,D10,'Lead Tracker'!$J:$J,$I$3) -> 1 | J10: =COUNTIFS('Lead Tracker'!$L:$L,D10,'Lead Tracker'!$J:$J,$J$3) -> 4 | K10: =COUNTIFS('Lead Tracker'!$L:$L,D10,'Lead Tracker'!$J:$J,$K$3) -> 0 | L10: =COUNTIFS('Lead Tracker'!$L:$L,D10,'Lead Tracker'!$J:$J,$L$3) -> 2 | M10: =COUNTIFS('Lead Tracker'!$L:$L,D10,'Lead Tracker'!$J:$J,$M$3) -> 5 | N10: =COUNTIFS('Lead Tracker'!$L:$L,D10,'Lead Tracker'!$J:$J,$N$3) -> 7 | O10: =COUNTIFS('Lead Tracker'!$L:$L,D10,'Lead Tracker'!$J:$J,$O$3) -> 2 | P10: =COUNTIFS('Lead Tracker'!$L:$L,D10,'Lead Tracker'!$J:$J,$P$3) -> 0
D12: 46113
D13: LEAD SOURCES | F13: NEW | G13: WIN | H13: LOST | I13: CONTACTED | J13: NOT INTERESTED | K13: SITE VISIT REQ. | L13: QUOTATION REQ. | M13: NOT RECEIVED | N13: FAKE | O13: FULFILLED | P13: QUOTATION SHARED | R13: =D12 -> 46113
D14: DATA | E14: =COUNTIFS('Lead Tracker'!$B:$B,">="&EOMONTH($D$12,-1)+1, 'Lead Tracker'!$B:$B,"<"&EOMONTH($D$12,0)+1) -> 125 | F14: =COUNTIFS( 'Lead Tracker'!$J:$J,F13, 'Lead Tracker'!$B:$B,">="&EOMONTH($D$12,-1)+1, 'Lead Tracker'!$B:$B,"<"&EOMONTH($D$12,0)+1 ) -> 17 | G14: =COUNTIFS( 'Lead Tracker'!$J:$J,G13, 'Lead Tracker'!$B:$B,">="&EOMONTH($D$12,-1)+1, 'Lead Tracker'!$B:$B,"<"&EOMONTH($D$12,0)+1 ) -> 2 | H14: =COUNTIFS( 'Lead Tracker'!$J:$J,H13, 'Lead Tracker'!$B:$B,">="&EOMONTH($D$12,-1)+1, 'Lead Tracker'!$B:$B,"<"&EOMONTH($D$12,0)+1 ) -> 5 | I14: =COUNTIFS( 'Lead Tracker'!$J:$J,I13, 'Lead Tracker'!$B:$B,">="&EOMONTH($D$12,-1)+1, 'Lead Tracker'!$B:$B,"<"&EOMONTH($D$12,0)+1 ) -> 10 | J14: =COUNTIFS( 'Lead Tracker'!$J:$J,J13, 'Lead Tracker'!$B:$B,">="&EOMONTH($D$12,-1)+1, 'Lead Tracker'!$B:$B,"<"&EOMONTH($D$12,0)+1 ) -> 14 | K14: =COUNTIFS( 'Lead Tracker'!$J:$J,K13, 'Lead Tracker'!$B:$B,">="&EOMONTH($D$12,-1)+1, 'Lead Tracker'!$B:$B,"<"&EOMONTH($D$12,0)+1 ) -> 1 | L14: =COUNTIFS( 'Lead Tracker'!$J:$J,L13, 'Lead Tracker'!$B:$B,">="&EOMONTH($D$12,-1)+1, 'Lead Tracker'!$B:$B,"<"&EOMONTH($D$12,0)+1 ) -> 42 | M14: =COUNTIFS( 'Lead Tracker'!$J:$J,M13, 'Lead Tracker'!$B:$B,">="&EOMONTH($D$12,-1)+1, 'Lead Tracker'!$B:$B,"<"&EOMONTH($D$12,0)+1 ) -> 14 | ... P14: =COUNTIFS( 'Lead Tracker'!$J:$J,P13, 'Lead Tracker'!$B:$B,">="&EOMONTH($D$12,-1)+1, 'Lead Tracker'!$B:$B,"<"&EOMONTH($D$12,0)+1 ) -> 2
D15: REFRENCE | E15: =COUNTIFS( 'Lead Tracker'!L:L,D15, 'Lead Tracker'!B:B,">="&EOMONTH($D$12,-1)+1, 'Lead Tracker'!B:B,"<"&EOMONTH($D$12,0)+1 ) -> 5 | F15: =COUNTIFS( 'Lead Tracker'!$L:$L,D15, 'Lead Tracker'!$J:$J,$F$3, 'Lead Tracker'!$B:$B,">="&EOMONTH($D$12,-1)+1, 'Lead Tracker'!$B:$B,"<"&EOMONTH($D$12,0)+1 ) -> 0 | G15: =COUNTIFS( 'Lead Tracker'!$L:$L,D15, 'Lead Tracker'!$J:$J,$G$3, 'Lead Tracker'!$B:$B,">="&EOMONTH($D$12,-1)+1, 'Lead Tracker'!$B:$B,"<"&EOMONTH($D$12,0)+1 ) -> 0 | H15: =COUNTIFS( 'Lead Tracker'!$L:$L,D15, 'Lead Tracker'!$J:$J,$H$3, 'Lead Tracker'!$B:$B,">="&EOMONTH($D$12,-1)+1, 'Lead Tracker'!$B:$B,"<"&EOMONTH($D$12,0)+1 ) -> 0 | I15: =COUNTIFS('Lead Tracker'!$L:$L,D15,'Lead Tracker'!$J:$J,$I$3,'Lead Tracker'!$B:$B,">="&EOMONTH($D$12,-1)+1, 'Lead Tracker'!$B:$B,"<"&EOMONTH($D$12,0)+1 ) -> 0 | J15: =COUNTIFS('Lead Tracker'!$L:$L,D15,'Lead Tracker'!$J:$J,$J$3, 'Lead Tracker'!$B:$B,">="&EOMONTH($D$12,-1)+1, 'Lead Tracker'!$B:$B,"<"&EOMONTH($D$12,0)+1 ) -> 0 | K15: =COUNTIFS('Lead Tracker'!$L:$L,D15,'Lead Tracker'!$J:$J,$K$3, 'Lead Tracker'!$B:$B,">="&EOMONTH($D$12,-1)+1, 'Lead Tracker'!$B:$B,"<"&EOMONTH($D$12,0)+1 ) -> 0 | L15: =COUNTIFS('Lead Tracker'!$L:$L,D15,'Lead Tracker'!$J:$J,$L$3, 'Lead Tracker'!$B:$B,">="&EOMONTH($D$12,-1)+1, 'Lead Tracker'!$B:$B,"<"&EOMONTH($D$12,0)+1 ) -> 5 | M15: =COUNTIFS('Lead Tracker'!$L:$L,D15,'Lead Tracker'!$J:$J,$M$3, 'Lead Tracker'!$B:$B,">="&EOMONTH($D$12,-1)+1, 'Lead Tracker'!$B:$B,"<"&EOMONTH($D$12,0)+1 ) -> 0 | N15: =COUNTIFS('Lead Tracker'!$L:$L,D15,'Lead Tracker'!$J:$J,$N$3, 'Lead Tracker'!$B:$B,">="&EOMONTH($D$12,-1)+1, 'Lead Tracker'!$B:$B,"<"&EOMONTH($D$12,0)+1 ) -> 0 | O15: =COUNTIFS('Lead Tracker'!$L:$L,D15,'Lead Tracker'!$J:$J,$O$3, 'Lead Tracker'!$B:$B,">="&EOMONTH($D$12,-1)+1, 'Lead Tracker'!$B:$B,"<"&EOMONTH($D$12,0)+1 ) -> 0 | P15: =COUNTIFS('Lead Tracker'!$L:$L,D15,'Lead Tracker'!$J:$J,$P$3, 'Lead Tracker'!$B:$B,">="&EOMONTH($D$12,-1)+1, 'Lead Tracker'!$B:$B,"<"&EOMONTH($D$12,0)+1) -> 0
D16: EXISTING CUS. | E16: =COUNTIFS( 'Lead Tracker'!L:L,D16, 'Lead Tracker'!B:B,">="&EOMONTH($D$12,-1)+1, 'Lead Tracker'!B:B,"<"&EOMONTH($D$12,0)+1 ) -> 9 | F16: =COUNTIFS( 'Lead Tracker'!$L:$L,D16, 'Lead Tracker'!$J:$J,$F$3, 'Lead Tracker'!$B:$B,">="&EOMONTH($D$12,-1)+1, 'Lead Tracker'!$B:$B,"<"&EOMONTH($D$12,0)+1 ) -> 0 | G16: =COUNTIFS( 'Lead Tracker'!$L:$L,D16, 'Lead Tracker'!$J:$J,$G$3, 'Lead Tracker'!$B:$B,">="&EOMONTH($D$12,-1)+1, 'Lead Tracker'!$B:$B,"<"&EOMONTH($D$12,0)+1 ) -> 1 | H16: =COUNTIFS( 'Lead Tracker'!$L:$L,D16, 'Lead Tracker'!$J:$J,$H$3, 'Lead Tracker'!$B:$B,">="&EOMONTH($D$12,-1)+1, 'Lead Tracker'!$B:$B,"<"&EOMONTH($D$12,0)+1 ) -> 0 | I16: =COUNTIFS('Lead Tracker'!$L:$L,D16,'Lead Tracker'!$J:$J,$I$3,'Lead Tracker'!$B:$B,">="&EOMONTH($D$12,-1)+1, 'Lead Tracker'!$B:$B,"<"&EOMONTH($D$12,0)+1 ) -> 0 | J16: =COUNTIFS('Lead Tracker'!$L:$L,D16,'Lead Tracker'!$J:$J,$J$3, 'Lead Tracker'!$B:$B,">="&EOMONTH($D$12,-1)+1, 'Lead Tracker'!$B:$B,"<"&EOMONTH($D$12,0)+1 ) -> 0 | K16: =COUNTIFS('Lead Tracker'!$L:$L,D16,'Lead Tracker'!$J:$J,$K$3, 'Lead Tracker'!$B:$B,">="&EOMONTH($D$12,-1)+1, 'Lead Tracker'!$B:$B,"<"&EOMONTH($D$12,0)+1 ) -> 0 | L16: =COUNTIFS('Lead Tracker'!$L:$L,D16,'Lead Tracker'!$J:$J,$L$3, 'Lead Tracker'!$B:$B,">="&EOMONTH($D$12,-1)+1, 'Lead Tracker'!$B:$B,"<"&EOMONTH($D$12,0)+1 ) -> 8 | M16: =COUNTIFS('Lead Tracker'!$L:$L,D16,'Lead Tracker'!$J:$J,$M$3, 'Lead Tracker'!$B:$B,">="&EOMONTH($D$12,-1)+1, 'Lead Tracker'!$B:$B,"<"&EOMONTH($D$12,0)+1 ) -> 0 | N16: =COUNTIFS('Lead Tracker'!$L:$L,D16,'Lead Tracker'!$J:$J,$N$3, 'Lead Tracker'!$B:$B,">="&EOMONTH($D$12,-1)+1, 'Lead Tracker'!$B:$B,"<"&EOMONTH($D$12,0)+1 ) -> 0 | O16: =COUNTIFS('Lead Tracker'!$L:$L,D16,'Lead Tracker'!$J:$J,$O$3, 'Lead Tracker'!$B:$B,">="&EOMONTH($D$12,-1)+1, 'Lead Tracker'!$B:$B,"<"&EOMONTH($D$12,0)+1 ) -> 0 | P16: =COUNTIFS('Lead Tracker'!$L:$L,D16,'Lead Tracker'!$J:$J,$P$3, 'Lead Tracker'!$B:$B,">="&EOMONTH($D$12,-1)+1, 'Lead Tracker'!$B:$B,"<"&EOMONTH($D$12,0)+1) -> 0
D17: MAIL | E17: =COUNTIFS( 'Lead Tracker'!L:L,D17, 'Lead Tracker'!B:B,">="&EOMONTH($D$12,-1)+1, 'Lead Tracker'!B:B,"<"&EOMONTH($D$12,0)+1 ) -> 22 | F17: =COUNTIFS( 'Lead Tracker'!$L:$L,D17, 'Lead Tracker'!$J:$J,$F$3, 'Lead Tracker'!$B:$B,">="&EOMONTH($D$12,-1)+1, 'Lead Tracker'!$B:$B,"<"&EOMONTH($D$12,0)+1 ) -> 2 | G17: =COUNTIFS( 'Lead Tracker'!$L:$L,D17, 'Lead Tracker'!$J:$J,$G$3, 'Lead Tracker'!$B:$B,">="&EOMONTH($D$12,-1)+1, 'Lead Tracker'!$B:$B,"<"&EOMONTH($D$12,0)+1 ) -> 1 | H17: =COUNTIFS( 'Lead Tracker'!$L:$L,D17, 'Lead Tracker'!$J:$J,$H$3, 'Lead Tracker'!$B:$B,">="&EOMONTH($D$12,-1)+1, 'Lead Tracker'!$B:$B,"<"&EOMONTH($D$12,0)+1 ) -> 0 | I17: =COUNTIFS('Lead Tracker'!$L:$L,D17,'Lead Tracker'!$J:$J,$I$3,'Lead Tracker'!$B:$B,">="&EOMONTH($D$12,-1)+1, 'Lead Tracker'!$B:$B,"<"&EOMONTH($D$12,0)+1 ) -> 1 | J17: =COUNTIFS('Lead Tracker'!$L:$L,D17,'Lead Tracker'!$J:$J,$J$3, 'Lead Tracker'!$B:$B,">="&EOMONTH($D$12,-1)+1, 'Lead Tracker'!$B:$B,"<"&EOMONTH($D$12,0)+1 ) -> 0 | K17: =COUNTIFS('Lead Tracker'!$L:$L,D17,'Lead Tracker'!$J:$J,$K$3, 'Lead Tracker'!$B:$B,">="&EOMONTH($D$12,-1)+1, 'Lead Tracker'!$B:$B,"<"&EOMONTH($D$12,0)+1 ) -> 0 | L17: =COUNTIFS('Lead Tracker'!$L:$L,D17,'Lead Tracker'!$J:$J,$L$3, 'Lead Tracker'!$B:$B,">="&EOMONTH($D$12,-1)+1, 'Lead Tracker'!$B:$B,"<"&EOMONTH($D$12,0)+1 ) -> 16 | M17: =COUNTIFS('Lead Tracker'!$L:$L,D17,'Lead Tracker'!$J:$J,$M$3, 'Lead Tracker'!$B:$B,">="&EOMONTH($D$12,-1)+1, 'Lead Tracker'!$B:$B,"<"&EOMONTH($D$12,0)+1 ) -> 0 | N17: =COUNTIFS('Lead Tracker'!$L:$L,D17,'Lead Tracker'!$J:$J,$N$3, 'Lead Tracker'!$B:$B,">="&EOMONTH($D$12,-1)+1, 'Lead Tracker'!$B:$B,"<"&EOMONTH($D$12,0)+1 ) -> 0 | O17: =COUNTIFS('Lead Tracker'!$L:$L,D17,'Lead Tracker'!$J:$J,$O$3, 'Lead Tracker'!$B:$B,">="&EOMONTH($D$12,-1)+1, 'Lead Tracker'!$B:$B,"<"&EOMONTH($D$12,0)+1 ) -> 0 | P17: =COUNTIFS('Lead Tracker'!$L:$L,D17,'Lead Tracker'!$J:$J,$P$3, 'Lead Tracker'!$B:$B,">="&EOMONTH($D$12,-1)+1, 'Lead Tracker'!$B:$B,"<"&EOMONTH($D$12,0)+1) -> 2
D18: INDIAMART | E18: =COUNTIFS( 'Lead Tracker'!L:L,D18, 'Lead Tracker'!B:B,">="&EOMONTH($D$12,-1)+1, 'Lead Tracker'!B:B,"<"&EOMONTH($D$12,0)+1 ) -> 58 | F18: =COUNTIFS( 'Lead Tracker'!$L:$L,D18, 'Lead Tracker'!$J:$J,$F$3, 'Lead Tracker'!$B:$B,">="&EOMONTH($D$12,-1)+1, 'Lead Tracker'!$B:$B,"<"&EOMONTH($D$12,0)+1 ) -> 9 | G18: =COUNTIFS( 'Lead Tracker'!$L:$L,D18, 'Lead Tracker'!$J:$J,$G$3, 'Lead Tracker'!$B:$B,">="&EOMONTH($D$12,-1)+1, 'Lead Tracker'!$B:$B,"<"&EOMONTH($D$12,0)+1 ) -> 0 | H18: =COUNTIFS( 'Lead Tracker'!$L:$L,D18, 'Lead Tracker'!$J:$J,$H$3, 'Lead Tracker'!$B:$B,">="&EOMONTH($D$12,-1)+1, 'Lead Tracker'!$B:$B,"<"&EOMONTH($D$12,0)+1 ) -> 3 | I18: =COUNTIFS('Lead Tracker'!$L:$L,D18,'Lead Tracker'!$J:$J,$I$3,'Lead Tracker'!$B:$B,">="&EOMONTH($D$12,-1)+1, 'Lead Tracker'!$B:$B,"<"&EOMONTH($D$12,0)+1 ) -> 7 | J18: =COUNTIFS('Lead Tracker'!$L:$L,D18,'Lead Tracker'!$J:$J,$J$3, 'Lead Tracker'!$B:$B,">="&EOMONTH($D$12,-1)+1, 'Lead Tracker'!$B:$B,"<"&EOMONTH($D$12,0)+1 ) -> 10 | K18: =COUNTIFS('Lead Tracker'!$L:$L,D18,'Lead Tracker'!$J:$J,$K$3, 'Lead Tracker'!$B:$B,">="&EOMONTH($D$12,-1)+1, 'Lead Tracker'!$B:$B,"<"&EOMONTH($D$12,0)+1 ) -> 1 | L18: =COUNTIFS('Lead Tracker'!$L:$L,D18,'Lead Tracker'!$J:$J,$L$3, 'Lead Tracker'!$B:$B,">="&EOMONTH($D$12,-1)+1, 'Lead Tracker'!$B:$B,"<"&EOMONTH($D$12,0)+1 ) -> 10 | M18: =COUNTIFS('Lead Tracker'!$L:$L,D18,'Lead Tracker'!$J:$J,$M$3, 'Lead Tracker'!$B:$B,">="&EOMONTH($D$12,-1)+1, 'Lead Tracker'!$B:$B,"<"&EOMONTH($D$12,0)+1 ) -> 9 | N18: =COUNTIFS('Lead Tracker'!$L:$L,D18,'Lead Tracker'!$J:$J,$N$3, 'Lead Tracker'!$B:$B,">="&EOMONTH($D$12,-1)+1, 'Lead Tracker'!$B:$B,"<"&EOMONTH($D$12,0)+1 ) -> 9 | O18: =COUNTIFS('Lead Tracker'!$L:$L,D18,'Lead Tracker'!$J:$J,$O$3, 'Lead Tracker'!$B:$B,">="&EOMONTH($D$12,-1)+1, 'Lead Tracker'!$B:$B,"<"&EOMONTH($D$12,0)+1 ) -> 0 | P18: =COUNTIFS('Lead Tracker'!$L:$L,D18,'Lead Tracker'!$J:$J,$P$3, 'Lead Tracker'!$B:$B,">="&EOMONTH($D$12,-1)+1, 'Lead Tracker'!$B:$B,"<"&EOMONTH($D$12,0)+1) -> 0
D19: OUT SOURCE | E19: =COUNTIFS( 'Lead Tracker'!L:L,D19, 'Lead Tracker'!B:B,">="&EOMONTH($D$12,-1)+1, 'Lead Tracker'!B:B,"<"&EOMONTH($D$12,0)+1 ) -> 2 | F19: =COUNTIFS( 'Lead Tracker'!$L:$L,D19, 'Lead Tracker'!$J:$J,$F$3, 'Lead Tracker'!$B:$B,">="&EOMONTH($D$12,-1)+1, 'Lead Tracker'!$B:$B,"<"&EOMONTH($D$12,0)+1 ) -> 0 | G19: =COUNTIFS( 'Lead Tracker'!$L:$L,D19, 'Lead Tracker'!$J:$J,$G$3, 'Lead Tracker'!$B:$B,">="&EOMONTH($D$12,-1)+1, 'Lead Tracker'!$B:$B,"<"&EOMONTH($D$12,0)+1 ) -> 0 | H19: =COUNTIFS( 'Lead Tracker'!$L:$L,D19, 'Lead Tracker'!$J:$J,$H$3, 'Lead Tracker'!$B:$B,">="&EOMONTH($D$12,-1)+1, 'Lead Tracker'!$B:$B,"<"&EOMONTH($D$12,0)+1 ) -> 0 | I19: =COUNTIFS('Lead Tracker'!$L:$L,D19,'Lead Tracker'!$J:$J,$I$3,'Lead Tracker'!$B:$B,">="&EOMONTH($D$12,-1)+1, 'Lead Tracker'!$B:$B,"<"&EOMONTH($D$12,0)+1 ) -> 1 | J19: =COUNTIFS('Lead Tracker'!$L:$L,D19,'Lead Tracker'!$J:$J,$J$3, 'Lead Tracker'!$B:$B,">="&EOMONTH($D$12,-1)+1, 'Lead Tracker'!$B:$B,"<"&EOMONTH($D$12,0)+1 ) -> 0 | K19: =COUNTIFS('Lead Tracker'!$L:$L,D19,'Lead Tracker'!$J:$J,$K$3, 'Lead Tracker'!$B:$B,">="&EOMONTH($D$12,-1)+1, 'Lead Tracker'!$B:$B,"<"&EOMONTH($D$12,0)+1 ) -> 0 | L19: =COUNTIFS('Lead Tracker'!$L:$L,D19,'Lead Tracker'!$J:$J,$L$3, 'Lead Tracker'!$B:$B,">="&EOMONTH($D$12,-1)+1, 'Lead Tracker'!$B:$B,"<"&EOMONTH($D$12,0)+1 ) -> 1 | M19: =COUNTIFS('Lead Tracker'!$L:$L,D19,'Lead Tracker'!$J:$J,$M$3, 'Lead Tracker'!$B:$B,">="&EOMONTH($D$12,-1)+1, 'Lead Tracker'!$B:$B,"<"&EOMONTH($D$12,0)+1 ) -> 0 | N19: =COUNTIFS('Lead Tracker'!$L:$L,D19,'Lead Tracker'!$J:$J,$N$3, 'Lead Tracker'!$B:$B,">="&EOMONTH($D$12,-1)+1, 'Lead Tracker'!$B:$B,"<"&EOMONTH($D$12,0)+1 ) -> 0 | O19: =COUNTIFS('Lead Tracker'!$L:$L,D19,'Lead Tracker'!$J:$J,$O$3, 'Lead Tracker'!$B:$B,">="&EOMONTH($D$12,-1)+1, 'Lead Tracker'!$B:$B,"<"&EOMONTH($D$12,0)+1 ) -> 0 | P19: =COUNTIFS('Lead Tracker'!$L:$L,D19,'Lead Tracker'!$J:$J,$P$3, 'Lead Tracker'!$B:$B,">="&EOMONTH($D$12,-1)+1, 'Lead Tracker'!$B:$B,"<"&EOMONTH($D$12,0)+1) -> 0
D20: TRADEINDIA | E20: =COUNTIFS( 'Lead Tracker'!L:L,D20, 'Lead Tracker'!B:B,">="&EOMONTH($D$12,-1)+1, 'Lead Tracker'!B:B,"<"&EOMONTH($D$12,0)+1 ) -> 29 | F20: =COUNTIFS( 'Lead Tracker'!$L:$L,D20, 'Lead Tracker'!$J:$J,$F$3, 'Lead Tracker'!$B:$B,">="&EOMONTH($D$12,-1)+1, 'Lead Tracker'!$B:$B,"<"&EOMONTH($D$12,0)+1 ) -> 6 | G20: =COUNTIFS( 'Lead Tracker'!$L:$L,D20, 'Lead Tracker'!$J:$J,$G$3, 'Lead Tracker'!$B:$B,">="&EOMONTH($D$12,-1)+1, 'Lead Tracker'!$B:$B,"<"&EOMONTH($D$12,0)+1 ) -> 0 | H20: =COUNTIFS( 'Lead Tracker'!$L:$L,D20, 'Lead Tracker'!$J:$J,$H$3, 'Lead Tracker'!$B:$B,">="&EOMONTH($D$12,-1)+1, 'Lead Tracker'!$B:$B,"<"&EOMONTH($D$12,0)+1 ) -> 2 | I20: =COUNTIFS('Lead Tracker'!$L:$L,D20,'Lead Tracker'!$J:$J,$I$3,'Lead Tracker'!$B:$B,">="&EOMONTH($D$12,-1)+1, 'Lead Tracker'!$B:$B,"<"&EOMONTH($D$12,0)+1 ) -> 1 | J20: =COUNTIFS('Lead Tracker'!$L:$L,D20,'Lead Tracker'!$J:$J,$J$3, 'Lead Tracker'!$B:$B,">="&EOMONTH($D$12,-1)+1, 'Lead Tracker'!$B:$B,"<"&EOMONTH($D$12,0)+1 ) -> 4 | K20: =COUNTIFS('Lead Tracker'!$L:$L,D20,'Lead Tracker'!$J:$J,$K$3, 'Lead Tracker'!$B:$B,">="&EOMONTH($D$12,-1)+1, 'Lead Tracker'!$B:$B,"<"&EOMONTH($D$12,0)+1 ) -> 0 | L20: =COUNTIFS('Lead Tracker'!$L:$L,D20,'Lead Tracker'!$J:$J,$L$3, 'Lead Tracker'!$B:$B,">="&EOMONTH($D$12,-1)+1, 'Lead Tracker'!$B:$B,"<"&EOMONTH($D$12,0)+1 ) -> 2 | M20: =COUNTIFS('Lead Tracker'!$L:$L,D20,'Lead Tracker'!$J:$J,$M$3, 'Lead Tracker'!$B:$B,">="&EOMONTH($D$12,-1)+1, 'Lead Tracker'!$B:$B,"<"&EOMONTH($D$12,0)+1 ) -> 5 | N20: =COUNTIFS('Lead Tracker'!$L:$L,D20,'Lead Tracker'!$J:$J,$N$3, 'Lead Tracker'!$B:$B,">="&EOMONTH($D$12,-1)+1, 'Lead Tracker'!$B:$B,"<"&EOMONTH($D$12,0)+1 ) -> 7 | O20: =COUNTIFS('Lead Tracker'!$L:$L,D20,'Lead Tracker'!$J:$J,$O$3, 'Lead Tracker'!$B:$B,">="&EOMONTH($D$12,-1)+1, 'Lead Tracker'!$B:$B,"<"&EOMONTH($D$12,0)+1 ) -> 2 | P20: =COUNTIFS('Lead Tracker'!$L:$L,D20,'Lead Tracker'!$J:$J,$P$3, 'Lead Tracker'!$B:$B,">="&EOMONTH($D$12,-1)+1, 'Lead Tracker'!$B:$B,"<"&EOMONTH($D$12,0)+1) -> 0
D22: LEAD OWNER
D23: LEAD SOURCES | F23: NEW | G23: WIN | H23: LOST | I23: CONTACTED | J23: NOT INTERESTED | K23: SITE VISIT REQ. | L23: QUOTATION REQ. | M23: NOT RECEIVED | N23: FAKE | O23: FULFILLED | P23: QUOTATION SHARED | R23: =D22 -> LEAD OWNER
D24: MALLESH | E24: =COUNTIFS( 'Lead Tracker'!M:M,D24, 'Lead Tracker'!B:B,">="&EOMONTH($D$12,-1)+1, 'Lead Tracker'!B:B,"<"&EOMONTH($D$12,0)+1 ) -> 6 | F24: =COUNTIFS( 'Lead Tracker'!$M:$M,D24, 'Lead Tracker'!$J:$J,$F$3, 'Lead Tracker'!$B:$B,">="&EOMONTH($D$12,-1)+1, 'Lead Tracker'!$B:$B,"<"&EOMONTH($D$12,0)+1 ) -> 0 | G24: =COUNTIFS( 'Lead Tracker'!$M:$M,D24, 'Lead Tracker'!$J:$J,$G$3, 'Lead Tracker'!$B:$B,">="&EOMONTH($D$12,-1)+1, 'Lead Tracker'!$B:$B,"<"&EOMONTH($D$12,0)+1 ) -> 0 | H24: =COUNTIFS( 'Lead Tracker'!$M:$M,D24, 'Lead Tracker'!$J:$J,$H$3, 'Lead Tracker'!$B:$B,">="&EOMONTH($D$12,-1)+1, 'Lead Tracker'!$B:$B,"<"&EOMONTH($D$12,0)+1 ) -> 0 | I24: =COUNTIFS('Lead Tracker'!$M:$M,D24,'Lead Tracker'!$J:$J,$I$3,'Lead Tracker'!$B:$B,">="&EOMONTH($D$12,-1)+1, 'Lead Tracker'!$B:$B,"<"&EOMONTH($D$12,0)+1 ) -> 0 | J24: =COUNTIFS('Lead Tracker'!$M:$M,D24,'Lead Tracker'!$J:$J,$J$3, 'Lead Tracker'!$B:$B,">="&EOMONTH($D$12,-1)+1, 'Lead Tracker'!$B:$B,"<"&EOMONTH($D$12,0)+1 ) -> 0 | K24: =COUNTIFS('Lead Tracker'!$M:$M,D24,'Lead Tracker'!$J:$J,$K$3, 'Lead Tracker'!$B:$B,">="&EOMONTH($D$12,-1)+1, 'Lead Tracker'!$B:$B,"<"&EOMONTH($D$12,0)+1 ) -> 0 | L24: =COUNTIFS('Lead Tracker'!$M:$M,D24,'Lead Tracker'!$J:$J,$L$3, 'Lead Tracker'!$B:$B,">="&EOMONTH($D$12,-1)+1, 'Lead Tracker'!$B:$B,"<"&EOMONTH($D$12,0)+1 ) -> 6 | M24: =COUNTIFS('Lead Tracker'!$M:$M,D24,'Lead Tracker'!$J:$J,$M$3, 'Lead Tracker'!$B:$B,">="&EOMONTH($D$12,-1)+1, 'Lead Tracker'!$B:$B,"<"&EOMONTH($D$12,0)+1 ) -> 0 | N24: =COUNTIFS('Lead Tracker'!$M:$M,D24,'Lead Tracker'!$J:$J,$N$3, 'Lead Tracker'!$B:$B,">="&EOMONTH($D$12,-1)+1, 'Lead Tracker'!$B:$B,"<"&EOMONTH($D$12,0)+1 ) -> 0 | O24: =COUNTIFS('Lead Tracker'!$M:$M,D24,'Lead Tracker'!$J:$J,$O$3, 'Lead Tracker'!$B:$B,">="&EOMONTH($D$12,-1)+1, 'Lead Tracker'!$B:$B,"<"&EOMONTH($D$12,0)+1 ) -> 0 | P24: =COUNTIFS('Lead Tracker'!$M:$M,D24,'Lead Tracker'!$J:$J,$P$3, 'Lead Tracker'!$B:$B,">="&EOMONTH($D$12,-1)+1, 'Lead Tracker'!$B:$B,"<"&EOMONTH($D$12,0)+1) -> 0
D25: RAVI | E25: =COUNTIFS( 'Lead Tracker'!M:M,D25, 'Lead Tracker'!B:B,">="&EOMONTH($D$12,-1)+1, 'Lead Tracker'!B:B,"<"&EOMONTH($D$12,0)+1 ) -> 18 | F25: =COUNTIFS( 'Lead Tracker'!$M:$M,D25, 'Lead Tracker'!$J:$J,$F$3, 'Lead Tracker'!$B:$B,">="&EOMONTH($D$12,-1)+1, 'Lead Tracker'!$B:$B,"<"&EOMONTH($D$12,0)+1 ) -> 3 | G25: =COUNTIFS( 'Lead Tracker'!$M:$M,D25, 'Lead Tracker'!$J:$J,$G$3, 'Lead Tracker'!$B:$B,">="&EOMONTH($D$12,-1)+1, 'Lead Tracker'!$B:$B,"<"&EOMONTH($D$12,0)+1 ) -> 0 | H25: =COUNTIFS( 'Lead Tracker'!$M:$M,D25, 'Lead Tracker'!$J:$J,$H$3, 'Lead Tracker'!$B:$B,">="&EOMONTH($D$12,-1)+1, 'Lead Tracker'!$B:$B,"<"&EOMONTH($D$12,0)+1 ) -> 0 | I25: =COUNTIFS('Lead Tracker'!$M:$M,D25,'Lead Tracker'!$J:$J,$I$3,'Lead Tracker'!$B:$B,">="&EOMONTH($D$12,-1)+1, 'Lead Tracker'!$B:$B,"<"&EOMONTH($D$12,0)+1 ) -> 0 | J25: =COUNTIFS('Lead Tracker'!$M:$M,D25,'Lead Tracker'!$J:$J,$J$3, 'Lead Tracker'!$B:$B,">="&EOMONTH($D$12,-1)+1, 'Lead Tracker'!$B:$B,"<"&EOMONTH($D$12,0)+1 ) -> 0 | K25: =COUNTIFS('Lead Tracker'!$M:$M,D25,'Lead Tracker'!$J:$J,$K$3, 'Lead Tracker'!$B:$B,">="&EOMONTH($D$12,-1)+1, 'Lead Tracker'!$B:$B,"<"&EOMONTH($D$12,0)+1 ) -> 0 | L25: =COUNTIFS('Lead Tracker'!$M:$M,D25,'Lead Tracker'!$J:$J,$L$3, 'Lead Tracker'!$B:$B,">="&EOMONTH($D$12,-1)+1, 'Lead Tracker'!$B:$B,"<"&EOMONTH($D$12,0)+1 ) -> 15 | M25: =COUNTIFS('Lead Tracker'!$M:$M,D25,'Lead Tracker'!$J:$J,$M$3, 'Lead Tracker'!$B:$B,">="&EOMONTH($D$12,-1)+1, 'Lead Tracker'!$B:$B,"<"&EOMONTH($D$12,0)+1 ) -> 0 | N25: =COUNTIFS('Lead Tracker'!$M:$M,D25,'Lead Tracker'!$J:$J,$N$3, 'Lead Tracker'!$B:$B,">="&EOMONTH($D$12,-1)+1, 'Lead Tracker'!$B:$B,"<"&EOMONTH($D$12,0)+1 ) -> 0 | O25: =COUNTIFS('Lead Tracker'!$M:$M,D25,'Lead Tracker'!$J:$J,$O$3, 'Lead Tracker'!$B:$B,">="&EOMONTH($D$12,-1)+1, 'Lead Tracker'!$B:$B,"<"&EOMONTH($D$12,0)+1 ) -> 0 | P25: =COUNTIFS('Lead Tracker'!$M:$M,D25,'Lead Tracker'!$J:$J,$P$3, 'Lead Tracker'!$B:$B,">="&EOMONTH($D$12,-1)+1, 'Lead Tracker'!$B:$B,"<"&EOMONTH($D$12,0)+1) -> 0
D26: HARSH | E26: =COUNTIFS( 'Lead Tracker'!M:M,D26, 'Lead Tracker'!B:B,">="&EOMONTH($D$12,-1)+1, 'Lead Tracker'!B:B,"<"&EOMONTH($D$12,0)+1 ) -> 2 | F26: =COUNTIFS( 'Lead Tracker'!$M:$M,D26, 'Lead Tracker'!$J:$J,$F$3, 'Lead Tracker'!$B:$B,">="&EOMONTH($D$12,-1)+1, 'Lead Tracker'!$B:$B,"<"&EOMONTH($D$12,0)+1 ) -> 0 | G26: =COUNTIFS( 'Lead Tracker'!$M:$M,D26, 'Lead Tracker'!$J:$J,$G$3, 'Lead Tracker'!$B:$B,">="&EOMONTH($D$12,-1)+1, 'Lead Tracker'!$B:$B,"<"&EOMONTH($D$12,0)+1 ) -> 0 | H26: =COUNTIFS( 'Lead Tracker'!$M:$M,D26, 'Lead Tracker'!$J:$J,$H$3, 'Lead Tracker'!$B:$B,">="&EOMONTH($D$12,-1)+1, 'Lead Tracker'!$B:$B,"<"&EOMONTH($D$12,0)+1 ) -> 0 | I26: =COUNTIFS('Lead Tracker'!$M:$M,D26,'Lead Tracker'!$J:$J,$I$3,'Lead Tracker'!$B:$B,">="&EOMONTH($D$12,-1)+1, 'Lead Tracker'!$B:$B,"<"&EOMONTH($D$12,0)+1 ) -> 1 | J26: =COUNTIFS('Lead Tracker'!$M:$M,D26,'Lead Tracker'!$J:$J,$J$3, 'Lead Tracker'!$B:$B,">="&EOMONTH($D$12,-1)+1, 'Lead Tracker'!$B:$B,"<"&EOMONTH($D$12,0)+1 ) -> 0 | K26: =COUNTIFS('Lead Tracker'!$M:$M,D26,'Lead Tracker'!$J:$J,$K$3, 'Lead Tracker'!$B:$B,">="&EOMONTH($D$12,-1)+1, 'Lead Tracker'!$B:$B,"<"&EOMONTH($D$12,0)+1 ) -> 0 | L26: =COUNTIFS('Lead Tracker'!$M:$M,D26,'Lead Tracker'!$J:$J,$L$3, 'Lead Tracker'!$B:$B,">="&EOMONTH($D$12,-1)+1, 'Lead Tracker'!$B:$B,"<"&EOMONTH($D$12,0)+1 ) -> 1 | M26: =COUNTIFS('Lead Tracker'!$M:$M,D26,'Lead Tracker'!$J:$J,$M$3, 'Lead Tracker'!$B:$B,">="&EOMONTH($D$12,-1)+1, 'Lead Tracker'!$B:$B,"<"&EOMONTH($D$12,0)+1 ) -> 0 | N26: =COUNTIFS('Lead Tracker'!$M:$M,D26,'Lead Tracker'!$J:$J,$N$3, 'Lead Tracker'!$B:$B,">="&EOMONTH($D$12,-1)+1, 'Lead Tracker'!$B:$B,"<"&EOMONTH($D$12,0)+1 ) -> 0 | O26: =COUNTIFS('Lead Tracker'!$M:$M,D26,'Lead Tracker'!$J:$J,$O$3, 'Lead Tracker'!$B:$B,">="&EOMONTH($D$12,-1)+1, 'Lead Tracker'!$B:$B,"<"&EOMONTH($D$12,0)+1 ) -> 0 | P26: =COUNTIFS('Lead Tracker'!$M:$M,D26,'Lead Tracker'!$J:$J,$P$3, 'Lead Tracker'!$B:$B,">="&EOMONTH($D$12,-1)+1, 'Lead Tracker'!$B:$B,"<"&EOMONTH($D$12,0)+1) -> 0
D27: VIVEK | E27: =COUNTIFS( 'Lead Tracker'!M:M,D27, 'Lead Tracker'!B:B,">="&EOMONTH($D$12,-1)+1, 'Lead Tracker'!B:B,"<"&EOMONTH($D$12,0)+1 ) -> 61 | F27: =COUNTIFS( 'Lead Tracker'!$M:$M,D27, 'Lead Tracker'!$J:$J,$F$3, 'Lead Tracker'!$B:$B,">="&EOMONTH($D$12,-1)+1, 'Lead Tracker'!$B:$B,"<"&EOMONTH($D$12,0)+1 ) -> 12 | G27: =COUNTIFS( 'Lead Tracker'!$M:$M,D27, 'Lead Tracker'!$J:$J,$G$3, 'Lead Tracker'!$B:$B,">="&EOMONTH($D$12,-1)+1, 'Lead Tracker'!$B:$B,"<"&EOMONTH($D$12,0)+1 ) -> 1 | H27: =COUNTIFS( 'Lead Tracker'!$M:$M,D27, 'Lead Tracker'!$J:$J,$H$3, 'Lead Tracker'!$B:$B,">="&EOMONTH($D$12,-1)+1, 'Lead Tracker'!$B:$B,"<"&EOMONTH($D$12,0)+1 ) -> 3 | I27: =COUNTIFS('Lead Tracker'!$M:$M,D27,'Lead Tracker'!$J:$J,$I$3,'Lead Tracker'!$B:$B,">="&EOMONTH($D$12,-1)+1, 'Lead Tracker'!$B:$B,"<"&EOMONTH($D$12,0)+1 ) -> 4 | J27: =COUNTIFS('Lead Tracker'!$M:$M,D27,'Lead Tracker'!$J:$J,$J$3, 'Lead Tracker'!$B:$B,">="&EOMONTH($D$12,-1)+1, 'Lead Tracker'!$B:$B,"<"&EOMONTH($D$12,0)+1 ) -> 6 | K27: =COUNTIFS('Lead Tracker'!$M:$M,D27,'Lead Tracker'!$J:$J,$K$3, 'Lead Tracker'!$B:$B,">="&EOMONTH($D$12,-1)+1, 'Lead Tracker'!$B:$B,"<"&EOMONTH($D$12,0)+1 ) -> 0 | L27: =COUNTIFS('Lead Tracker'!$M:$M,D27,'Lead Tracker'!$J:$J,$L$3, 'Lead Tracker'!$B:$B,">="&EOMONTH($D$12,-1)+1, 'Lead Tracker'!$B:$B,"<"&EOMONTH($D$12,0)+1 ) -> 12 | M27: =COUNTIFS('Lead Tracker'!$M:$M,D27,'Lead Tracker'!$J:$J,$M$3, 'Lead Tracker'!$B:$B,">="&EOMONTH($D$12,-1)+1, 'Lead Tracker'!$B:$B,"<"&EOMONTH($D$12,0)+1 ) -> 8 | N27: =COUNTIFS('Lead Tracker'!$M:$M,D27,'Lead Tracker'!$J:$J,$N$3, 'Lead Tracker'!$B:$B,">="&EOMONTH($D$12,-1)+1, 'Lead Tracker'!$B:$B,"<"&EOMONTH($D$12,0)+1 ) -> 12 | O27: =COUNTIFS('Lead Tracker'!$M:$M,D27,'Lead Tracker'!$J:$J,$O$3, 'Lead Tracker'!$B:$B,">="&EOMONTH($D$12,-1)+1, 'Lead Tracker'!$B:$B,"<"&EOMONTH($D$12,0)+1 ) -> 1 | P27: =COUNTIFS('Lead Tracker'!$M:$M,D27,'Lead Tracker'!$J:$J,$P$3, 'Lead Tracker'!$B:$B,">="&EOMONTH($D$12,-1)+1, 'Lead Tracker'!$B:$B,"<"&EOMONTH($D$12,0)+1) -> 2
D28: SAKSHI | E28: =COUNTIFS( 'Lead Tracker'!M:M,D28, 'Lead Tracker'!B:B,">="&EOMONTH($D$12,-1)+1, 'Lead Tracker'!B:B,"<"&EOMONTH($D$12,0)+1 ) -> 36 | F28: =COUNTIFS( 'Lead Tracker'!$M:$M,D28, 'Lead Tracker'!$J:$J,$F$3, 'Lead Tracker'!$B:$B,">="&EOMONTH($D$12,-1)+1, 'Lead Tracker'!$B:$B,"<"&EOMONTH($D$12,0)+1 ) -> 2 | G28: =COUNTIFS( 'Lead Tracker'!$M:$M,D28, 'Lead Tracker'!$J:$J,$G$3, 'Lead Tracker'!$B:$B,">="&EOMONTH($D$12,-1)+1, 'Lead Tracker'!$B:$B,"<"&EOMONTH($D$12,0)+1 ) -> 1 | H28: =COUNTIFS( 'Lead Tracker'!$M:$M,D28, 'Lead Tracker'!$J:$J,$H$3, 'Lead Tracker'!$B:$B,">="&EOMONTH($D$12,-1)+1, 'Lead Tracker'!$B:$B,"<"&EOMONTH($D$12,0)+1 ) -> 2 | I28: =COUNTIFS('Lead Tracker'!$M:$M,D28,'Lead Tracker'!$J:$J,$I$3,'Lead Tracker'!$B:$B,">="&EOMONTH($D$12,-1)+1, 'Lead Tracker'!$B:$B,"<"&EOMONTH($D$12,0)+1 ) -> 4 | J28: =COUNTIFS('Lead Tracker'!$M:$M,D28,'Lead Tracker'!$J:$J,$J$3, 'Lead Tracker'!$B:$B,">="&EOMONTH($D$12,-1)+1, 'Lead Tracker'!$B:$B,"<"&EOMONTH($D$12,0)+1 ) -> 8 | K28: =COUNTIFS('Lead Tracker'!$M:$M,D28,'Lead Tracker'!$J:$J,$K$3, 'Lead Tracker'!$B:$B,">="&EOMONTH($D$12,-1)+1, 'Lead Tracker'!$B:$B,"<"&EOMONTH($D$12,0)+1 ) -> 1 | L28: =COUNTIFS('Lead Tracker'!$M:$M,D28,'Lead Tracker'!$J:$J,$L$3, 'Lead Tracker'!$B:$B,">="&EOMONTH($D$12,-1)+1, 'Lead Tracker'!$B:$B,"<"&EOMONTH($D$12,0)+1 ) -> 8 | M28: =COUNTIFS('Lead Tracker'!$M:$M,D28,'Lead Tracker'!$J:$J,$M$3, 'Lead Tracker'!$B:$B,">="&EOMONTH($D$12,-1)+1, 'Lead Tracker'!$B:$B,"<"&EOMONTH($D$12,0)+1 ) -> 5 | N28: =COUNTIFS('Lead Tracker'!$M:$M,D28,'Lead Tracker'!$J:$J,$N$3, 'Lead Tracker'!$B:$B,">="&EOMONTH($D$12,-1)+1, 'Lead Tracker'!$B:$B,"<"&EOMONTH($D$12,0)+1 ) -> 4 | O28: =COUNTIFS('Lead Tracker'!$M:$M,D28,'Lead Tracker'!$J:$J,$O$3, 'Lead Tracker'!$B:$B,">="&EOMONTH($D$12,-1)+1, 'Lead Tracker'!$B:$B,"<"&EOMONTH($D$12,0)+1 ) -> 1 | P28: =COUNTIFS('Lead Tracker'!$M:$M,D28,'Lead Tracker'!$J:$J,$P$3, 'Lead Tracker'!$B:$B,">="&EOMONTH($D$12,-1)+1, 'Lead Tracker'!$B:$B,"<"&EOMONTH($D$12,0)+1) -> 0
D30: PRODUCTS
D31: LEAD SOURCES | F31: NEW | G31: WIN | H31: LOST | I31: CONTACTED | J31: NOT INTERESTED | K31: SITE VISIT REQ. | L31: QUOTATION REQ. | M31: NOT RECEIVED | N31: FAKE | O31: FULFILLED | P31: QUOTATION SHARED | R31: =D30 -> PRODUCTS
D32: Modification | E32: =COUNTIFS( 'Lead Tracker'!F:F,D32, 'Lead Tracker'!B:B,">="&EOMONTH($D$12,-1)+1, 'Lead Tracker'!B:B,"<"&EOMONTH($D$12,0)+1 ) -> 0 | F32: =COUNTIFS( 'Lead Tracker'!$F:$F,$D$32, 'Lead Tracker'!$J:$J,$F$3, 'Lead Tracker'!$B:$B,">="&EOMONTH($D$12,-1)+1, 'Lead Tracker'!$B:$B,"<"&EOMONTH($D$12,0)+1 ) -> 0 | G32: =COUNTIFS( 'Lead Tracker'!$F:$F,$D32, 'Lead Tracker'!$J:$J,G3, 'Lead Tracker'!$B:$B,">="&EOMONTH($D$12,-1)+1, 'Lead Tracker'!$B:$B,"<"&EOMONTH($D$12,0)+1 ) -> 0 | H32: =COUNTIFS( 'Lead Tracker'!$F:$F,$D32, 'Lead Tracker'!$J:$J,$H$3, 'Lead Tracker'!$B:$B,">="&EOMONTH($D$12,-1)+1, 'Lead Tracker'!$B:$B,"<"&EOMONTH($D$12,0)+1 ) -> 0 | I32: =COUNTIFS( 'Lead Tracker'!$F:$F,$D32, 'Lead Tracker'!$J:$J,$I$3, 'Lead Tracker'!$B:$B,">="&EOMONTH($D$12,-1)+1, 'Lead Tracker'!$B:$B,"<"&EOMONTH($D$12,0)+1 ) -> 0 | J32: =COUNTIFS( 'Lead Tracker'!$F:$F,$D32, 'Lead Tracker'!$J:$J,$J$3, 'Lead Tracker'!$B:$B,">="&EOMONTH($D$12,-1)+1, 'Lead Tracker'!$B:$B,"<"&EOMONTH($D$12,0)+1 ) -> 0 | K32: =COUNTIFS( 'Lead Tracker'!$F:$F,$D32, 'Lead Tracker'!$J:$J,$K$3, 'Lead Tracker'!$B:$B,">="&EOMONTH($D$12,-1)+1, 'Lead Tracker'!$B:$B,"<"&EOMONTH($D$12,0)+1 ) -> 0 | L32: =COUNTIFS( 'Lead Tracker'!$F:$F,$D32, 'Lead Tracker'!$J:$J,$L$3, 'Lead Tracker'!$B:$B,">="&EOMONTH($D$12,-1)+1, 'Lead Tracker'!$B:$B,"<"&EOMONTH($D$12,0)+1 ) -> 0 | M32: =COUNTIFS( 'Lead Tracker'!$F:$F,$D32, 'Lead Tracker'!$J:$J,$M$3, 'Lead Tracker'!$B:$B,">="&EOMONTH($D$12,-1)+1, 'Lead Tracker'!$B:$B,"<"&EOMONTH($D$12,0)+1 ) -> 0 | N32: =COUNTIFS( 'Lead Tracker'!$F:$F,$D32, 'Lead Tracker'!$J:$J,$N$3, 'Lead Tracker'!$B:$B,">="&EOMONTH($D$12,-1)+1, 'Lead Tracker'!$B:$B,"<"&EOMONTH($D$12,0)+1 ) -> 0 | O32: =COUNTIFS( 'Lead Tracker'!$F:$F,$D32, 'Lead Tracker'!$J:$J,$O$3, 'Lead Tracker'!$B:$B,">="&EOMONTH($D$12,-1)+1, 'Lead Tracker'!$B:$B,"<"&EOMONTH($D$12,0)+1 ) -> 0 | P32: =COUNTIFS( 'Lead Tracker'!$F:$F,$D32, 'Lead Tracker'!$J:$J,$P$3, 'Lead Tracker'!$B:$B,">="&EOMONTH($D$12,-1)+1, 'Lead Tracker'!$B:$B,"<"&EOMONTH($D$12,0)+1 ) -> 0
D33: LCS | E33: =COUNTIFS( 'Lead Tracker'!F:F,D33, 'Lead Tracker'!B:B,">="&EOMONTH($D$12,-1)+1, 'Lead Tracker'!B:B,"<"&EOMONTH($D$12,0)+1 ) -> 3 | F33: =COUNTIFS( 'Lead Tracker'!$F:$F,D33, 'Lead Tracker'!$J:$J,$F$3, 'Lead Tracker'!$B:$B,">="&EOMONTH($D$12,-1)+1, 'Lead Tracker'!$B:$B,"<"&EOMONTH($D$12,0)+1 ) -> 0 | G33: =COUNTIFS( 'Lead Tracker'!$F:$F,$D33, 'Lead Tracker'!$J:$J,$G$3, 'Lead Tracker'!$B:$B,">="&EOMONTH($D$12,-1)+1, 'Lead Tracker'!$B:$B,"<"&EOMONTH($D$12,0)+1 ) -> 0 | H33: =COUNTIFS( 'Lead Tracker'!$F:$F,$D33, 'Lead Tracker'!$J:$J,$H$3, 'Lead Tracker'!$B:$B,">="&EOMONTH($D$12,-1)+1, 'Lead Tracker'!$B:$B,"<"&EOMONTH($D$12,0)+1 ) -> 0 | I33: =COUNTIFS( 'Lead Tracker'!$F:$F,$D33, 'Lead Tracker'!$J:$J,$I$3, 'Lead Tracker'!$B:$B,">="&EOMONTH($D$12,-1)+1, 'Lead Tracker'!$B:$B,"<"&EOMONTH($D$12,0)+1 ) -> 0 | J33: =COUNTIFS( 'Lead Tracker'!$F:$F,$D33, 'Lead Tracker'!$J:$J,$J$3, 'Lead Tracker'!$B:$B,">="&EOMONTH($D$12,-1)+1, 'Lead Tracker'!$B:$B,"<"&EOMONTH($D$12,0)+1 ) -> 0 | K33: =COUNTIFS( 'Lead Tracker'!$F:$F,$D33, 'Lead Tracker'!$J:$J,$K$3, 'Lead Tracker'!$B:$B,">="&EOMONTH($D$12,-1)+1, 'Lead Tracker'!$B:$B,"<"&EOMONTH($D$12,0)+1 ) -> 0 | L33: =COUNTIFS( 'Lead Tracker'!$F:$F,$D33, 'Lead Tracker'!$J:$J,$L$3, 'Lead Tracker'!$B:$B,">="&EOMONTH($D$12,-1)+1, 'Lead Tracker'!$B:$B,"<"&EOMONTH($D$12,0)+1 ) -> 3 | M33: =COUNTIFS( 'Lead Tracker'!$F:$F,$D33, 'Lead Tracker'!$J:$J,$M$3, 'Lead Tracker'!$B:$B,">="&EOMONTH($D$12,-1)+1, 'Lead Tracker'!$B:$B,"<"&EOMONTH($D$12,0)+1 ) -> 0 | N33: =COUNTIFS( 'Lead Tracker'!$F:$F,$D33, 'Lead Tracker'!$J:$J,$N$3, 'Lead Tracker'!$B:$B,">="&EOMONTH($D$12,-1)+1, 'Lead Tracker'!$B:$B,"<"&EOMONTH($D$12,0)+1 ) -> 0 | O33: =COUNTIFS( 'Lead Tracker'!$F:$F,$D33, 'Lead Tracker'!$J:$J,$O$3, 'Lead Tracker'!$B:$B,">="&EOMONTH($D$12,-1)+1, 'Lead Tracker'!$B:$B,"<"&EOMONTH($D$12,0)+1 ) -> 0 | P33: =COUNTIFS( 'Lead Tracker'!$F:$F,$D33, 'Lead Tracker'!$J:$J,$P$3, 'Lead Tracker'!$B:$B,">="&EOMONTH($D$12,-1)+1, 'Lead Tracker'!$B:$B,"<"&EOMONTH($D$12,0)+1 ) -> 0
D34: Monorail | E34: =COUNTIFS( 'Lead Tracker'!F:F,D34, 'Lead Tracker'!B:B,">="&EOMONTH($D$12,-1)+1, 'Lead Tracker'!B:B,"<"&EOMONTH($D$12,0)+1 ) -> 0 | F34: =COUNTIFS( 'Lead Tracker'!$F:$F,D34, 'Lead Tracker'!$J:$J,$F$3, 'Lead Tracker'!$B:$B,">="&EOMONTH($D$12,-1)+1, 'Lead Tracker'!$B:$B,"<"&EOMONTH($D$12,0)+1 ) -> 0 | G34: =COUNTIFS( 'Lead Tracker'!$F:$F,$D34, 'Lead Tracker'!$J:$J,$G$3, 'Lead Tracker'!$B:$B,">="&EOMONTH($D$12,-1)+1, 'Lead Tracker'!$B:$B,"<"&EOMONTH($D$12,0)+1 ) -> 0 | H34: =COUNTIFS( 'Lead Tracker'!$F:$F,$D34, 'Lead Tracker'!$J:$J,$H$3, 'Lead Tracker'!$B:$B,">="&EOMONTH($D$12,-1)+1, 'Lead Tracker'!$B:$B,"<"&EOMONTH($D$12,0)+1 ) -> 0 | I34: =COUNTIFS( 'Lead Tracker'!$F:$F,$D34, 'Lead Tracker'!$J:$J,$I$3, 'Lead Tracker'!$B:$B,">="&EOMONTH($D$12,-1)+1, 'Lead Tracker'!$B:$B,"<"&EOMONTH($D$12,0)+1 ) -> 0 | J34: =COUNTIFS( 'Lead Tracker'!$F:$F,$D34, 'Lead Tracker'!$J:$J,$J$3, 'Lead Tracker'!$B:$B,">="&EOMONTH($D$12,-1)+1, 'Lead Tracker'!$B:$B,"<"&EOMONTH($D$12,0)+1 ) -> 0 | K34: =COUNTIFS( 'Lead Tracker'!$F:$F,$D34, 'Lead Tracker'!$J:$J,$K$3, 'Lead Tracker'!$B:$B,">="&EOMONTH($D$12,-1)+1, 'Lead Tracker'!$B:$B,"<"&EOMONTH($D$12,0)+1 ) -> 0 | L34: =COUNTIFS( 'Lead Tracker'!$F:$F,$D34, 'Lead Tracker'!$J:$J,$L$3, 'Lead Tracker'!$B:$B,">="&EOMONTH($D$12,-1)+1, 'Lead Tracker'!$B:$B,"<"&EOMONTH($D$12,0)+1 ) -> 0 | M34: =COUNTIFS( 'Lead Tracker'!$F:$F,$D34, 'Lead Tracker'!$J:$J,$M$3, 'Lead Tracker'!$B:$B,">="&EOMONTH($D$12,-1)+1, 'Lead Tracker'!$B:$B,"<"&EOMONTH($D$12,0)+1 ) -> 0 | N34: =COUNTIFS( 'Lead Tracker'!$F:$F,$D34, 'Lead Tracker'!$J:$J,$N$3, 'Lead Tracker'!$B:$B,">="&EOMONTH($D$12,-1)+1, 'Lead Tracker'!$B:$B,"<"&EOMONTH($D$12,0)+1 ) -> 0 | O34: =COUNTIFS( 'Lead Tracker'!$F:$F,$D34, 'Lead Tracker'!$J:$J,$O$3, 'Lead Tracker'!$B:$B,">="&EOMONTH($D$12,-1)+1, 'Lead Tracker'!$B:$B,"<"&EOMONTH($D$12,0)+1 ) -> 0 | P34: =COUNTIFS( 'Lead Tracker'!$F:$F,$D34, 'Lead Tracker'!$J:$J,$P$3, 'Lead Tracker'!$B:$B,">="&EOMONTH($D$12,-1)+1, 'Lead Tracker'!$B:$B,"<"&EOMONTH($D$12,0)+1 ) -> 0
D35: EOT Crane | E35: =COUNTIFS( 'Lead Tracker'!F:F,D35, 'Lead Tracker'!B:B,">="&EOMONTH($D$12,-1)+1, 'Lead Tracker'!B:B,"<"&EOMONTH($D$12,0)+1 ) -> 30 | F35: =COUNTIFS( 'Lead Tracker'!$F:$F,D35, 'Lead Tracker'!$J:$J,$F$3, 'Lead Tracker'!$B:$B,">="&EOMONTH($D$12,-1)+1, 'Lead Tracker'!$B:$B,"<"&EOMONTH($D$12,0)+1 ) -> 2 | G35: =COUNTIFS( 'Lead Tracker'!$F:$F,$D35, 'Lead Tracker'!$J:$J,$G$3, 'Lead Tracker'!$B:$B,">="&EOMONTH($D$12,-1)+1, 'Lead Tracker'!$B:$B,"<"&EOMONTH($D$12,0)+1 ) -> 0 | H35: =COUNTIFS( 'Lead Tracker'!$F:$F,$D35, 'Lead Tracker'!$J:$J,$H$3, 'Lead Tracker'!$B:$B,">="&EOMONTH($D$12,-1)+1, 'Lead Tracker'!$B:$B,"<"&EOMONTH($D$12,0)+1 ) -> 1 | I35: =COUNTIFS( 'Lead Tracker'!$F:$F,$D35, 'Lead Tracker'!$J:$J,$I$3, 'Lead Tracker'!$B:$B,">="&EOMONTH($D$12,-1)+1, 'Lead Tracker'!$B:$B,"<"&EOMONTH($D$12,0)+1 ) -> 2 | J35: =COUNTIFS( 'Lead Tracker'!$F:$F,$D35, 'Lead Tracker'!$J:$J,$J$3, 'Lead Tracker'!$B:$B,">="&EOMONTH($D$12,-1)+1, 'Lead Tracker'!$B:$B,"<"&EOMONTH($D$12,0)+1 ) -> 5 | K35: =COUNTIFS( 'Lead Tracker'!$F:$F,$D35, 'Lead Tracker'!$J:$J,$K$3, 'Lead Tracker'!$B:$B,">="&EOMONTH($D$12,-1)+1, 'Lead Tracker'!$B:$B,"<"&EOMONTH($D$12,0)+1 ) -> 0 | L35: =COUNTIFS( 'Lead Tracker'!$F:$F,$D35, 'Lead Tracker'!$J:$J,$L$3, 'Lead Tracker'!$B:$B,">="&EOMONTH($D$12,-1)+1, 'Lead Tracker'!$B:$B,"<"&EOMONTH($D$12,0)+1 ) -> 9 | M35: =COUNTIFS( 'Lead Tracker'!$F:$F,$D35, 'Lead Tracker'!$J:$J,$M$3, 'Lead Tracker'!$B:$B,">="&EOMONTH($D$12,-1)+1, 'Lead Tracker'!$B:$B,"<"&EOMONTH($D$12,0)+1 ) -> 4 | N35: =COUNTIFS( 'Lead Tracker'!$F:$F,$D35, 'Lead Tracker'!$J:$J,$N$3, 'Lead Tracker'!$B:$B,">="&EOMONTH($D$12,-1)+1, 'Lead Tracker'!$B:$B,"<"&EOMONTH($D$12,0)+1 ) -> 6 | O35: =COUNTIFS( 'Lead Tracker'!$F:$F,$D35, 'Lead Tracker'!$J:$J,$O$3, 'Lead Tracker'!$B:$B,">="&EOMONTH($D$12,-1)+1, 'Lead Tracker'!$B:$B,"<"&EOMONTH($D$12,0)+1 ) -> 1 | P35: =COUNTIFS( 'Lead Tracker'!$F:$F,$D35, 'Lead Tracker'!$J:$J,$P$3, 'Lead Tracker'!$B:$B,">="&EOMONTH($D$12,-1)+1, 'Lead Tracker'!$B:$B,"<"&EOMONTH($D$12,0)+1 ) -> 0
D36: Jib Crane | E36: =COUNTIFS( 'Lead Tracker'!F:F,D36, 'Lead Tracker'!B:B,">="&EOMONTH($D$12,-1)+1, 'Lead Tracker'!B:B,"<"&EOMONTH($D$12,0)+1 ) -> 23 | F36: =COUNTIFS( 'Lead Tracker'!$F:$F,D36, 'Lead Tracker'!$J:$J,$F$3, 'Lead Tracker'!$B:$B,">="&EOMONTH($D$12,-1)+1, 'Lead Tracker'!$B:$B,"<"&EOMONTH($D$12,0)+1 ) -> 6 | G36: =COUNTIFS( 'Lead Tracker'!$F:$F,$D36, 'Lead Tracker'!$J:$J,$G$3, 'Lead Tracker'!$B:$B,">="&EOMONTH($D$12,-1)+1, 'Lead Tracker'!$B:$B,"<"&EOMONTH($D$12,0)+1 ) -> 1 | H36: =COUNTIFS( 'Lead Tracker'!$F:$F,$D36, 'Lead Tracker'!$J:$J,$H$3, 'Lead Tracker'!$B:$B,">="&EOMONTH($D$12,-1)+1, 'Lead Tracker'!$B:$B,"<"&EOMONTH($D$12,0)+1 ) -> 1 | I36: =COUNTIFS( 'Lead Tracker'!$F:$F,$D36, 'Lead Tracker'!$J:$J,$I$3, 'Lead Tracker'!$B:$B,">="&EOMONTH($D$12,-1)+1, 'Lead Tracker'!$B:$B,"<"&EOMONTH($D$12,0)+1 ) -> 1 | J36: =COUNTIFS( 'Lead Tracker'!$F:$F,$D36, 'Lead Tracker'!$J:$J,$J$3, 'Lead Tracker'!$B:$B,">="&EOMONTH($D$12,-1)+1, 'Lead Tracker'!$B:$B,"<"&EOMONTH($D$12,0)+1 ) -> 1 | K36: =COUNTIFS( 'Lead Tracker'!$F:$F,$D36, 'Lead Tracker'!$J:$J,$K$3, 'Lead Tracker'!$B:$B,">="&EOMONTH($D$12,-1)+1, 'Lead Tracker'!$B:$B,"<"&EOMONTH($D$12,0)+1 ) -> 0 | L36: =COUNTIFS( 'Lead Tracker'!$F:$F,$D36, 'Lead Tracker'!$J:$J,$L$3, 'Lead Tracker'!$B:$B,">="&EOMONTH($D$12,-1)+1, 'Lead Tracker'!$B:$B,"<"&EOMONTH($D$12,0)+1 ) -> 6 | M36: =COUNTIFS( 'Lead Tracker'!$F:$F,$D36, 'Lead Tracker'!$J:$J,$M$3, 'Lead Tracker'!$B:$B,">="&EOMONTH($D$12,-1)+1, 'Lead Tracker'!$B:$B,"<"&EOMONTH($D$12,0)+1 ) -> 3 | N36: =COUNTIFS( 'Lead Tracker'!$F:$F,$D36, 'Lead Tracker'!$J:$J,$N$3, 'Lead Tracker'!$B:$B,">="&EOMONTH($D$12,-1)+1, 'Lead Tracker'!$B:$B,"<"&EOMONTH($D$12,0)+1 ) -> 3 | O36: =COUNTIFS( 'Lead Tracker'!$F:$F,$D36, 'Lead Tracker'!$J:$J,$O$3, 'Lead Tracker'!$B:$B,">="&EOMONTH($D$12,-1)+1, 'Lead Tracker'!$B:$B,"<"&EOMONTH($D$12,0)+1 ) -> 0 | P36: =COUNTIFS( 'Lead Tracker'!$F:$F,$D36, 'Lead Tracker'!$J:$J,$P$3, 'Lead Tracker'!$B:$B,">="&EOMONTH($D$12,-1)+1, 'Lead Tracker'!$B:$B,"<"&EOMONTH($D$12,0)+1 ) -> 1
D37: Hoist | E37: =COUNTIFS( 'Lead Tracker'!F:F,D37, 'Lead Tracker'!B:B,">="&EOMONTH($D$12,-1)+1, 'Lead Tracker'!B:B,"<"&EOMONTH($D$12,0)+1 ) -> 43 | F37: =COUNTIFS( 'Lead Tracker'!$F:$F,D37, 'Lead Tracker'!$J:$J,$F$3, 'Lead Tracker'!$B:$B,">="&EOMONTH($D$12,-1)+1, 'Lead Tracker'!$B:$B,"<"&EOMONTH($D$12,0)+1 ) -> 1 | G37: =COUNTIFS( 'Lead Tracker'!$F:$F,$D37, 'Lead Tracker'!$J:$J,$G$3, 'Lead Tracker'!$B:$B,">="&EOMONTH($D$12,-1)+1, 'Lead Tracker'!$B:$B,"<"&EOMONTH($D$12,0)+1 ) -> 1 | H37: =COUNTIFS( 'Lead Tracker'!$F:$F,$D37, 'Lead Tracker'!$J:$J,$H$3, 'Lead Tracker'!$B:$B,">="&EOMONTH($D$12,-1)+1, 'Lead Tracker'!$B:$B,"<"&EOMONTH($D$12,0)+1 ) -> 2 | I37: =COUNTIFS( 'Lead Tracker'!$F:$F,$D37, 'Lead Tracker'!$J:$J,$I$3, 'Lead Tracker'!$B:$B,">="&EOMONTH($D$12,-1)+1, 'Lead Tracker'!$B:$B,"<"&EOMONTH($D$12,0)+1 ) -> 5 | J37: =COUNTIFS( 'Lead Tracker'!$F:$F,$D37, 'Lead Tracker'!$J:$J,$J$3, 'Lead Tracker'!$B:$B,">="&EOMONTH($D$12,-1)+1, 'Lead Tracker'!$B:$B,"<"&EOMONTH($D$12,0)+1 ) -> 8 | K37: =COUNTIFS( 'Lead Tracker'!$F:$F,$D37, 'Lead Tracker'!$J:$J,$K$3, 'Lead Tracker'!$B:$B,">="&EOMONTH($D$12,-1)+1, 'Lead Tracker'!$B:$B,"<"&EOMONTH($D$12,0)+1 ) -> 1 | L37: =COUNTIFS( 'Lead Tracker'!$F:$F,$D37, 'Lead Tracker'!$J:$J,$L$3, 'Lead Tracker'!$B:$B,">="&EOMONTH($D$12,-1)+1, 'Lead Tracker'!$B:$B,"<"&EOMONTH($D$12,0)+1 ) -> 13 | M37: =COUNTIFS( 'Lead Tracker'!$F:$F,$D37, 'Lead Tracker'!$J:$J,$M$3, 'Lead Tracker'!$B:$B,">="&EOMONTH($D$12,-1)+1, 'Lead Tracker'!$B:$B,"<"&EOMONTH($D$12,0)+1 ) -> 6 | N37: =COUNTIFS( 'Lead Tracker'!$F:$F,$D37, 'Lead Tracker'!$J:$J,$N$3, 'Lead Tracker'!$B:$B,">="&EOMONTH($D$12,-1)+1, 'Lead Tracker'!$B:$B,"<"&EOMONTH($D$12,0)+1 ) -> 4 | O37: =COUNTIFS( 'Lead Tracker'!$F:$F,$D37, 'Lead Tracker'!$J:$J,$O$3, 'Lead Tracker'!$B:$B,">="&EOMONTH($D$12,-1)+1, 'Lead Tracker'!$B:$B,"<"&EOMONTH($D$12,0)+1 ) -> 1 | P37: =COUNTIFS( 'Lead Tracker'!$F:$F,$D37, 'Lead Tracker'!$J:$J,$P$3, 'Lead Tracker'!$B:$B,">="&EOMONTH($D$12,-1)+1, 'Lead Tracker'!$B:$B,"<"&EOMONTH($D$12,0)+1 ) -> 1
D38: Gantry Crane | E38: =COUNTIFS( 'Lead Tracker'!F:F,D38, 'Lead Tracker'!B:B,">="&EOMONTH($D$12,-1)+1, 'Lead Tracker'!B:B,"<"&EOMONTH($D$12,0)+1 ) -> 7 | F38: =COUNTIFS( 'Lead Tracker'!$F:$F,D38, 'Lead Tracker'!$J:$J,$F$3, 'Lead Tracker'!$B:$B,">="&EOMONTH($D$12,-1)+1, 'Lead Tracker'!$B:$B,"<"&EOMONTH($D$12,0)+1 ) -> 2 | G38: =COUNTIFS( 'Lead Tracker'!$F:$F,$D38, 'Lead Tracker'!$J:$J,$G$3, 'Lead Tracker'!$B:$B,">="&EOMONTH($D$12,-1)+1, 'Lead Tracker'!$B:$B,"<"&EOMONTH($D$12,0)+1 ) -> 0 | H38: =COUNTIFS( 'Lead Tracker'!$F:$F,$D38, 'Lead Tracker'!$J:$J,$H$3, 'Lead Tracker'!$B:$B,">="&EOMONTH($D$12,-1)+1, 'Lead Tracker'!$B:$B,"<"&EOMONTH($D$12,0)+1 ) -> 0 | I38: =COUNTIFS( 'Lead Tracker'!$F:$F,$D38, 'Lead Tracker'!$J:$J,$I$3, 'Lead Tracker'!$B:$B,">="&EOMONTH($D$12,-1)+1, 'Lead Tracker'!$B:$B,"<"&EOMONTH($D$12,0)+1 ) -> 1 | J38: =COUNTIFS( 'Lead Tracker'!$F:$F,$D38, 'Lead Tracker'!$J:$J,$J$3, 'Lead Tracker'!$B:$B,">="&EOMONTH($D$12,-1)+1, 'Lead Tracker'!$B:$B,"<"&EOMONTH($D$12,0)+1 ) -> 0 | K38: =COUNTIFS( 'Lead Tracker'!$F:$F,$D38, 'Lead Tracker'!$J:$J,$K$3, 'Lead Tracker'!$B:$B,">="&EOMONTH($D$12,-1)+1, 'Lead Tracker'!$B:$B,"<"&EOMONTH($D$12,0)+1 ) -> 0 | L38: =COUNTIFS( 'Lead Tracker'!$F:$F,$D38, 'Lead Tracker'!$J:$J,$L$3, 'Lead Tracker'!$B:$B,">="&EOMONTH($D$12,-1)+1, 'Lead Tracker'!$B:$B,"<"&EOMONTH($D$12,0)+1 ) -> 1 | M38: =COUNTIFS( 'Lead Tracker'!$F:$F,$D38, 'Lead Tracker'!$J:$J,$M$3, 'Lead Tracker'!$B:$B,">="&EOMONTH($D$12,-1)+1, 'Lead Tracker'!$B:$B,"<"&EOMONTH($D$12,0)+1 ) -> 1 | N38: =COUNTIFS( 'Lead Tracker'!$F:$F,$D38, 'Lead Tracker'!$J:$J,$N$3, 'Lead Tracker'!$B:$B,">="&EOMONTH($D$12,-1)+1, 'Lead Tracker'!$B:$B,"<"&EOMONTH($D$12,0)+1 ) -> 2 | O38: =COUNTIFS( 'Lead Tracker'!$F:$F,$D38, 'Lead Tracker'!$J:$J,$O$3, 'Lead Tracker'!$B:$B,">="&EOMONTH($D$12,-1)+1, 'Lead Tracker'!$B:$B,"<"&EOMONTH($D$12,0)+1 ) -> 0 | P38: =COUNTIFS( 'Lead Tracker'!$F:$F,$D38, 'Lead Tracker'!$J:$J,$P$3, 'Lead Tracker'!$B:$B,">="&EOMONTH($D$12,-1)+1, 'Lead Tracker'!$B:$B,"<"&EOMONTH($D$12,0)+1 ) -> 0
D39: Manipulator | E39: =COUNTIFS( 'Lead Tracker'!F:F,D39, 'Lead Tracker'!B:B,">="&EOMONTH($D$12,-1)+1, 'Lead Tracker'!B:B,"<"&EOMONTH($D$12,0)+1 ) -> 5 | F39: =COUNTIFS( 'Lead Tracker'!$F:$F,D39, 'Lead Tracker'!$J:$J,$F$3, 'Lead Tracker'!$B:$B,">="&EOMONTH($D$12,-1)+1, 'Lead Tracker'!$B:$B,"<"&EOMONTH($D$12,0)+1 ) -> 3 | G39: =COUNTIFS( 'Lead Tracker'!$F:$F,$D39, 'Lead Tracker'!$J:$J,$G$3, 'Lead Tracker'!$B:$B,">="&EOMONTH($D$12,-1)+1, 'Lead Tracker'!$B:$B,"<"&EOMONTH($D$12,0)+1 ) -> 0 | H39: =COUNTIFS( 'Lead Tracker'!$F:$F,$D39, 'Lead Tracker'!$J:$J,$H$3, 'Lead Tracker'!$B:$B,">="&EOMONTH($D$12,-1)+1, 'Lead Tracker'!$B:$B,"<"&EOMONTH($D$12,0)+1 ) -> 0 | I39: =COUNTIFS( 'Lead Tracker'!$F:$F,$D39, 'Lead Tracker'!$J:$J,$I$3, 'Lead Tracker'!$B:$B,">="&EOMONTH($D$12,-1)+1, 'Lead Tracker'!$B:$B,"<"&EOMONTH($D$12,0)+1 ) -> 0 | J39: =COUNTIFS( 'Lead Tracker'!$F:$F,$D39, 'Lead Tracker'!$J:$J,$J$3, 'Lead Tracker'!$B:$B,">="&EOMONTH($D$12,-1)+1, 'Lead Tracker'!$B:$B,"<"&EOMONTH($D$12,0)+1 ) -> 0 | K39: =COUNTIFS( 'Lead Tracker'!$F:$F,$D39, 'Lead Tracker'!$J:$J,$K$3, 'Lead Tracker'!$B:$B,">="&EOMONTH($D$12,-1)+1, 'Lead Tracker'!$B:$B,"<"&EOMONTH($D$12,0)+1 ) -> 0 | L39: =COUNTIFS( 'Lead Tracker'!$F:$F,$D39, 'Lead Tracker'!$J:$J,$L$3, 'Lead Tracker'!$B:$B,">="&EOMONTH($D$12,-1)+1, 'Lead Tracker'!$B:$B,"<"&EOMONTH($D$12,0)+1 ) -> 1 | M39: =COUNTIFS( 'Lead Tracker'!$F:$F,$D39, 'Lead Tracker'!$J:$J,$M$3, 'Lead Tracker'!$B:$B,">="&EOMONTH($D$12,-1)+1, 'Lead Tracker'!$B:$B,"<"&EOMONTH($D$12,0)+1 ) -> 0 | N39: =COUNTIFS( 'Lead Tracker'!$F:$F,$D39, 'Lead Tracker'!$J:$J,$N$3, 'Lead Tracker'!$B:$B,">="&EOMONTH($D$12,-1)+1, 'Lead Tracker'!$B:$B,"<"&EOMONTH($D$12,0)+1 ) -> 1 | O39: =COUNTIFS( 'Lead Tracker'!$F:$F,$D39, 'Lead Tracker'!$J:$J,$O$3, 'Lead Tracker'!$B:$B,">="&EOMONTH($D$12,-1)+1, 'Lead Tracker'!$B:$B,"<"&EOMONTH($D$12,0)+1 ) -> 0 | P39: =COUNTIFS( 'Lead Tracker'!$F:$F,$D39, 'Lead Tracker'!$J:$J,$P$3, 'Lead Tracker'!$B:$B,">="&EOMONTH($D$12,-1)+1, 'Lead Tracker'!$B:$B,"<"&EOMONTH($D$12,0)+1 ) -> 0
D40: Scissor Lifter | E40: =COUNTIFS( 'Lead Tracker'!F:F,D40, 'Lead Tracker'!B:B,">="&EOMONTH($D$12,-1)+1, 'Lead Tracker'!B:B,"<"&EOMONTH($D$12,0)+1 ) -> 0 | F40: =COUNTIFS( 'Lead Tracker'!$F:$F,D40, 'Lead Tracker'!$J:$J,$F$3, 'Lead Tracker'!$B:$B,">="&EOMONTH($D$12,-1)+1, 'Lead Tracker'!$B:$B,"<"&EOMONTH($D$12,0)+1 ) -> 0 | G40: =COUNTIFS( 'Lead Tracker'!$F:$F,$D40, 'Lead Tracker'!$J:$J,$G$3, 'Lead Tracker'!$B:$B,">="&EOMONTH($D$12,-1)+1, 'Lead Tracker'!$B:$B,"<"&EOMONTH($D$12,0)+1 ) -> 0 | H40: =COUNTIFS( 'Lead Tracker'!$F:$F,$D40, 'Lead Tracker'!$J:$J,$H$3, 'Lead Tracker'!$B:$B,">="&EOMONTH($D$12,-1)+1, 'Lead Tracker'!$B:$B,"<"&EOMONTH($D$12,0)+1 ) -> 0 | I40: =COUNTIFS( 'Lead Tracker'!$F:$F,$D40, 'Lead Tracker'!$J:$J,$I$3, 'Lead Tracker'!$B:$B,">="&EOMONTH($D$12,-1)+1, 'Lead Tracker'!$B:$B,"<"&EOMONTH($D$12,0)+1 ) -> 0 | J40: =COUNTIFS( 'Lead Tracker'!$F:$F,$D40, 'Lead Tracker'!$J:$J,$J$3, 'Lead Tracker'!$B:$B,">="&EOMONTH($D$12,-1)+1, 'Lead Tracker'!$B:$B,"<"&EOMONTH($D$12,0)+1 ) -> 0 | K40: =COUNTIFS( 'Lead Tracker'!$F:$F,$D40, 'Lead Tracker'!$J:$J,$K$3, 'Lead Tracker'!$B:$B,">="&EOMONTH($D$12,-1)+1, 'Lead Tracker'!$B:$B,"<"&EOMONTH($D$12,0)+1 ) -> 0 | L40: =COUNTIFS( 'Lead Tracker'!$F:$F,$D40, 'Lead Tracker'!$J:$J,$L$3, 'Lead Tracker'!$B:$B,">="&EOMONTH($D$12,-1)+1, 'Lead Tracker'!$B:$B,"<"&EOMONTH($D$12,0)+1 ) -> 0 | M40: =COUNTIFS( 'Lead Tracker'!$F:$F,$D40, 'Lead Tracker'!$J:$J,$M$3, 'Lead Tracker'!$B:$B,">="&EOMONTH($D$12,-1)+1, 'Lead Tracker'!$B:$B,"<"&EOMONTH($D$12,0)+1 ) -> 0 | N40: =COUNTIFS( 'Lead Tracker'!$F:$F,$D40, 'Lead Tracker'!$J:$J,$N$3, 'Lead Tracker'!$B:$B,">="&EOMONTH($D$12,-1)+1, 'Lead Tracker'!$B:$B,"<"&EOMONTH($D$12,0)+1 ) -> 0 | O40: =COUNTIFS( 'Lead Tracker'!$F:$F,$D40, 'Lead Tracker'!$J:$J,$O$3, 'Lead Tracker'!$B:$B,">="&EOMONTH($D$12,-1)+1, 'Lead Tracker'!$B:$B,"<"&EOMONTH($D$12,0)+1 ) -> 0 | P40: =COUNTIFS( 'Lead Tracker'!$F:$F,$D40, 'Lead Tracker'!$J:$J,$P$3, 'Lead Tracker'!$B:$B,">="&EOMONTH($D$12,-1)+1, 'Lead Tracker'!$B:$B,"<"&EOMONTH($D$12,0)+1 ) -> 0
D41: Others | E41: =COUNTIFS( 'Lead Tracker'!F:F,D41, 'Lead Tracker'!B:B,">="&EOMONTH($D$12,-1)+1, 'Lead Tracker'!B:B,"<"&EOMONTH($D$12,0)+1 ) -> 12 | F41: =COUNTIFS( 'Lead Tracker'!$F:$F,D41, 'Lead Tracker'!$J:$J,$F$3, 'Lead Tracker'!$B:$B,">="&EOMONTH($D$12,-1)+1, 'Lead Tracker'!$B:$B,"<"&EOMONTH($D$12,0)+1 ) -> 3 | G41: =COUNTIFS( 'Lead Tracker'!$F:$F,$D41, 'Lead Tracker'!$J:$J,$G$3, 'Lead Tracker'!$B:$B,">="&EOMONTH($D$12,-1)+1, 'Lead Tracker'!$B:$B,"<"&EOMONTH($D$12,0)+1 ) -> 0 | H41: =COUNTIFS( 'Lead Tracker'!$F:$F,$D41, 'Lead Tracker'!$J:$J,$H$3, 'Lead Tracker'!$B:$B,">="&EOMONTH($D$12,-1)+1, 'Lead Tracker'!$B:$B,"<"&EOMONTH($D$12,0)+1 ) -> 0 | I41: =COUNTIFS( 'Lead Tracker'!$F:$F,$D41, 'Lead Tracker'!$J:$J,$I$3, 'Lead Tracker'!$B:$B,">="&EOMONTH($D$12,-1)+1, 'Lead Tracker'!$B:$B,"<"&EOMONTH($D$12,0)+1 ) -> 0 | J41: =COUNTIFS( 'Lead Tracker'!$F:$F,$D41, 'Lead Tracker'!$J:$J,$J$3, 'Lead Tracker'!$B:$B,">="&EOMONTH($D$12,-1)+1, 'Lead Tracker'!$B:$B,"<"&EOMONTH($D$12,0)+1 ) -> 0 | K41: =COUNTIFS( 'Lead Tracker'!$F:$F,$D41, 'Lead Tracker'!$J:$J,$K$3, 'Lead Tracker'!$B:$B,">="&EOMONTH($D$12,-1)+1, 'Lead Tracker'!$B:$B,"<"&EOMONTH($D$12,0)+1 ) -> 0 | L41: =COUNTIFS( 'Lead Tracker'!$F:$F,$D41, 'Lead Tracker'!$J:$J,$L$3, 'Lead Tracker'!$B:$B,">="&EOMONTH($D$12,-1)+1, 'Lead Tracker'!$B:$B,"<"&EOMONTH($D$12,0)+1 ) -> 9 | M41: =COUNTIFS( 'Lead Tracker'!$F:$F,$D41, 'Lead Tracker'!$J:$J,$M$3, 'Lead Tracker'!$B:$B,">="&EOMONTH($D$12,-1)+1, 'Lead Tracker'!$B:$B,"<"&EOMONTH($D$12,0)+1 ) -> 0 | N41: =COUNTIFS( 'Lead Tracker'!$F:$F,$D41, 'Lead Tracker'!$J:$J,$N$3, 'Lead Tracker'!$B:$B,">="&EOMONTH($D$12,-1)+1, 'Lead Tracker'!$B:$B,"<"&EOMONTH($D$12,0)+1 ) -> 0 | O41: =COUNTIFS( 'Lead Tracker'!$F:$F,$D41, 'Lead Tracker'!$J:$J,$O$3, 'Lead Tracker'!$B:$B,">="&EOMONTH($D$12,-1)+1, 'Lead Tracker'!$B:$B,"<"&EOMONTH($D$12,0)+1 ) -> 0 | P41: =COUNTIFS( 'Lead Tracker'!$F:$F,$D41, 'Lead Tracker'!$J:$J,$P$3, 'Lead Tracker'!$B:$B,">="&EOMONTH($D$12,-1)+1, 'Lead Tracker'!$B:$B,"<"&EOMONTH($D$12,0)+1 ) -> 0
D42: Underslung | E42: =COUNTIFS( 'Lead Tracker'!F:F,D42, 'Lead Tracker'!B:B,">="&EOMONTH($D$12,-1)+1, 'Lead Tracker'!B:B,"<"&EOMONTH($D$12,0)+1 ) -> 0 | F42: =COUNTIFS( 'Lead Tracker'!$F:$F,D42, 'Lead Tracker'!$J:$J,$F$3, 'Lead Tracker'!$B:$B,">="&EOMONTH($D$12,-1)+1, 'Lead Tracker'!$B:$B,"<"&EOMONTH($D$12,0)+1 ) -> 0 | G42: =COUNTIFS( 'Lead Tracker'!$F:$F,$D42, 'Lead Tracker'!$J:$J,$G$3, 'Lead Tracker'!$B:$B,">="&EOMONTH($D$12,-1)+1, 'Lead Tracker'!$B:$B,"<"&EOMONTH($D$12,0)+1 ) -> 0 | H42: =COUNTIFS( 'Lead Tracker'!$F:$F,$D42, 'Lead Tracker'!$J:$J,$H$3, 'Lead Tracker'!$B:$B,">="&EOMONTH($D$12,-1)+1, 'Lead Tracker'!$B:$B,"<"&EOMONTH($D$12,0)+1 ) -> 0 | I42: =COUNTIFS( 'Lead Tracker'!$F:$F,$D42, 'Lead Tracker'!$J:$J,$I$3, 'Lead Tracker'!$B:$B,">="&EOMONTH($D$12,-1)+1, 'Lead Tracker'!$B:$B,"<"&EOMONTH($D$12,0)+1 ) -> 0 | J42: =COUNTIFS( 'Lead Tracker'!$F:$F,$D42, 'Lead Tracker'!$J:$J,$J$3, 'Lead Tracker'!$B:$B,">="&EOMONTH($D$12,-1)+1, 'Lead Tracker'!$B:$B,"<"&EOMONTH($D$12,0)+1 ) -> 0 | K42: =COUNTIFS( 'Lead Tracker'!$F:$F,$D42, 'Lead Tracker'!$J:$J,$K$3, 'Lead Tracker'!$B:$B,">="&EOMONTH($D$12,-1)+1, 'Lead Tracker'!$B:$B,"<"&EOMONTH($D$12,0)+1 ) -> 0 | L42: =COUNTIFS( 'Lead Tracker'!$F:$F,$D42, 'Lead Tracker'!$J:$J,$L$3, 'Lead Tracker'!$B:$B,">="&EOMONTH($D$12,-1)+1, 'Lead Tracker'!$B:$B,"<"&EOMONTH($D$12,0)+1 ) -> 0 | M42: =COUNTIFS( 'Lead Tracker'!$F:$F,$D42, 'Lead Tracker'!$J:$J,$M$3, 'Lead Tracker'!$B:$B,">="&EOMONTH($D$12,-1)+1, 'Lead Tracker'!$B:$B,"<"&EOMONTH($D$12,0)+1 ) -> 0 | N42: =COUNTIFS( 'Lead Tracker'!$F:$F,$D42, 'Lead Tracker'!$J:$J,$N$3, 'Lead Tracker'!$B:$B,">="&EOMONTH($D$12,-1)+1, 'Lead Tracker'!$B:$B,"<"&EOMONTH($D$12,0)+1 ) -> 0 | O42: =COUNTIFS( 'Lead Tracker'!$F:$F,$D42, 'Lead Tracker'!$J:$J,$O$3, 'Lead Tracker'!$B:$B,">="&EOMONTH($D$12,-1)+1, 'Lead Tracker'!$B:$B,"<"&EOMONTH($D$12,0)+1 ) -> 0 | P42: =COUNTIFS( 'Lead Tracker'!$F:$F,$D42, 'Lead Tracker'!$J:$J,$P$3, 'Lead Tracker'!$B:$B,">="&EOMONTH($D$12,-1)+1, 'Lead Tracker'!$B:$B,"<"&EOMONTH($D$12,0)+1 ) -> 0
D43: Goliath | E43: =COUNTIFS( 'Lead Tracker'!F:F,D43, 'Lead Tracker'!B:B,">="&EOMONTH($D$12,-1)+1, 'Lead Tracker'!B:B,"<"&EOMONTH($D$12,0)+1 ) -> 1 | F43: =COUNTIFS( 'Lead Tracker'!$F:$F,D43, 'Lead Tracker'!$J:$J,$F$3, 'Lead Tracker'!$B:$B,">="&EOMONTH($D$12,-1)+1, 'Lead Tracker'!$B:$B,"<"&EOMONTH($D$12,0)+1 ) -> 0 | G43: =COUNTIFS( 'Lead Tracker'!$F:$F,$D43, 'Lead Tracker'!$J:$J,$G$3, 'Lead Tracker'!$B:$B,">="&EOMONTH($D$12,-1)+1, 'Lead Tracker'!$B:$B,"<"&EOMONTH($D$12,0)+1 ) -> 0 | H43: =COUNTIFS( 'Lead Tracker'!$F:$F,$D43, 'Lead Tracker'!$J:$J,$H$3, 'Lead Tracker'!$B:$B,">="&EOMONTH($D$12,-1)+1, 'Lead Tracker'!$B:$B,"<"&EOMONTH($D$12,0)+1 ) -> 1 | I43: =COUNTIFS( 'Lead Tracker'!$F:$F,$D43, 'Lead Tracker'!$J:$J,$I$3, 'Lead Tracker'!$B:$B,">="&EOMONTH($D$12,-1)+1, 'Lead Tracker'!$B:$B,"<"&EOMONTH($D$12,0)+1 ) -> 0 | J43: =COUNTIFS( 'Lead Tracker'!$F:$F,$D43, 'Lead Tracker'!$J:$J,$J$3, 'Lead Tracker'!$B:$B,">="&EOMONTH($D$12,-1)+1, 'Lead Tracker'!$B:$B,"<"&EOMONTH($D$12,0)+1 ) -> 0 | K43: =COUNTIFS( 'Lead Tracker'!$F:$F,$D43, 'Lead Tracker'!$J:$J,$K$3, 'Lead Tracker'!$B:$B,">="&EOMONTH($D$12,-1)+1, 'Lead Tracker'!$B:$B,"<"&EOMONTH($D$12,0)+1 ) -> 0 | L43: =COUNTIFS( 'Lead Tracker'!$F:$F,$D43, 'Lead Tracker'!$J:$J,$L$3, 'Lead Tracker'!$B:$B,">="&EOMONTH($D$12,-1)+1, 'Lead Tracker'!$B:$B,"<"&EOMONTH($D$12,0)+1 ) -> 0 | M43: =COUNTIFS( 'Lead Tracker'!$F:$F,$D43, 'Lead Tracker'!$J:$J,$M$3, 'Lead Tracker'!$B:$B,">="&EOMONTH($D$12,-1)+1, 'Lead Tracker'!$B:$B,"<"&EOMONTH($D$12,0)+1 ) -> 0 | N43: =COUNTIFS( 'Lead Tracker'!$F:$F,$D43, 'Lead Tracker'!$J:$J,$N$3, 'Lead Tracker'!$B:$B,">="&EOMONTH($D$12,-1)+1, 'Lead Tracker'!$B:$B,"<"&EOMONTH($D$12,0)+1 ) -> 0 | O43: =COUNTIFS( 'Lead Tracker'!$F:$F,$D43, 'Lead Tracker'!$J:$J,$O$3, 'Lead Tracker'!$B:$B,">="&EOMONTH($D$12,-1)+1, 'Lead Tracker'!$B:$B,"<"&EOMONTH($D$12,0)+1 ) -> 0 | P43: =COUNTIFS( 'Lead Tracker'!$F:$F,$D43, 'Lead Tracker'!$J:$J,$P$3, 'Lead Tracker'!$B:$B,">="&EOMONTH($D$12,-1)+1, 'Lead Tracker'!$B:$B,"<"&EOMONTH($D$12,0)+1 ) -> 0

Sheet DASHBOARD (2)
AE1: APRIL
B2: CURRENT ORDER | C2: =SUMIFS([1]ORDERS!G:G,[1]ORDERS!K:K,"<>DISPATCHED") -> #VALUE! | D2: Target | E2: 400000000 | G2: Monthly Target | H2: =E2/12 -> 33333333 | J2: DATA SHEET | N2: ORDER TRACKER | Q2: PREVIOUS MONTHS | AE2: MAY
B3: MONTHS | C3: VALUE | D3: PLANNED | E3: DISPATCHED | F3: PENDING | G3: MONTHLY ORDER VALUE | H3: MESSAGES | J3: CONDITION | K3: ORDERS NO | L3: AMOUNT
B4: 46113 | C4: =SUMIFS( [1]ORDERS!G:G, [1]ORDERS!H:H,">="&B4, [1]ORDERS!H:H,"<"&EOMONTH(B4,0)+1 ) -> #VALUE! | D4: =SUMIFS( [1]ORDERS!G:G, [1]ORDERS!I:I,">="&B4, [1]ORDERS!I:I,"<"&EOMONTH(B4,0)+1, [1]ORDERS!K:K,"<>DISPATCHED" ) -> #VALUE! | E4: =SUMIFS( [1]ORDERS!G:G, [1]ORDERS!J:J,">="&B4, [1]ORDERS!J:J,"<"&EOMONTH(B4,0)+1, [1]ORDERS!K:K,"DISPATCHED" ) -> #VALUE! | F4: =D4-E4 -> #VALUE! | G4: =ABS($H$2-C4) -> #VALUE! | H4: =IF(C4<$H$2,"MORE ORDER REQUIRED", IF(C4>$H$2,"OVER ORDER", "TARGET MATCHED")) -> #VALUE! | I4: 1 | J4: PO PENDING | K4: =COUNTIFS([1]ORDERS!K2:K916,J4) -> #VALUE! | L4: =SUMIFS([1]ORDERS!G:G,[1]ORDERS!K:K,J4) -> #VALUE! | N4: HOLD | O4: =COUNTIF(M17:M927,"HOLD") -> 0 | Q4: BILLED | R4: {=SUMPRODUCT((TEXT(K17:K19, "mmmm") = "August") * (M17:M19 = "DISPATCHED") * E17:E18)} -> #N/A | AE4: JULY
B5: 46143 | C5: =SUMIFS( [1]ORDERS!G:G, [1]ORDERS!H:H,">="&B5, [1]ORDERS!H:H,"<"&EOMONTH(B5,0)+1 ) -> #VALUE! | D5: =SUMIFS( [1]ORDERS!G:G, [1]ORDERS!I:I,">="&B5, [1]ORDERS!I:I,"<"&EOMONTH(B5,0)+1, [1]ORDERS!K:K,"<>DISPATCHED" ) -> #VALUE! | E5: =SUMIFS( [1]ORDERS!G:G, [1]ORDERS!J:J,">="&B5, [1]ORDERS!J:J,"<"&EOMONTH(B5,0)+1, [1]ORDERS!K:K,"DISPATCHED" ) -> #VALUE! | F5: =D5-E5 -> #VALUE! | G5: =ABS($H$2-C5) -> #VALUE! | H5: =IF(C5<$H$2,"MORE ORDER REQUIRED", IF(C5>$H$2,"OVER ORDER", "TARGET MATCHED")) -> #VALUE! | I5: 2 | J5: IN DESIGN | K5: =COUNTIFS([1]ORDERS!K3:K917,J5) -> #VALUE! | L5: =SUMIFS([1]ORDERS!G:G,[1]ORDERS!K:K,J5) -> #VALUE! | AE5: AUGUST
B6: 46174 | C6: =SUMIFS( [1]ORDERS!G:G, [1]ORDERS!H:H,">="&B6, [1]ORDERS!H:H,"<"&EOMONTH(B6,0)+1 ) -> #VALUE! | D6: =SUMIFS( [1]ORDERS!G:G, [1]ORDERS!I:I,">="&B6, [1]ORDERS!I:I,"<"&EOMONTH(B6,0)+1, [1]ORDERS!K:K,"<>DISPATCHED" ) -> #VALUE! | E6: =SUMIFS( [1]ORDERS!G:G, [1]ORDERS!J:J,">="&B6, [1]ORDERS!J:J,"<"&EOMONTH(B6,0)+1, [1]ORDERS!K:K,"DISPATCHED" ) -> #VALUE! | F6: =D6-E6 -> #VALUE! | G6: =ABS($H$2-C6) -> #VALUE! | H6: =IF(C6<$H$2,"MORE ORDER REQUIRED", IF(C6>$H$2,"OVER ORDER", "TARGET MATCHED")) -> #VALUE! | I6: 3 | J6: DISPATCHED | K6: =COUNTIFS([1]ORDERS!K4:K918,J6) -> #VALUE! | L6: =SUMIFS([1]ORDERS!G:G,[1]ORDERS!K:K,J6) -> #VALUE! | AE6: SEPTEMBER
B7: 46204 | C7: =SUMIFS( [1]ORDERS!G:G, [1]ORDERS!H:H,">="&B7, [1]ORDERS!H:H,"<"&EOMONTH(B7,0)+1 ) -> #VALUE! | D7: =SUMIFS( [1]ORDERS!G:G, [1]ORDERS!I:I,">="&B7, [1]ORDERS!I:I,"<"&EOMONTH(B7,0)+1, [1]ORDERS!K:K,"<>DISPATCHED" ) -> #VALUE! | E7: =SUMIFS( [1]ORDERS!G:G, [1]ORDERS!J:J,">="&B7, [1]ORDERS!J:J,"<"&EOMONTH(B7,0)+1, [1]ORDERS!K:K,"DISPATCHED" ) -> #VALUE! | F7: =D7-E7 -> #VALUE! | G7: =ABS($H$2-C7) -> #VALUE! | H7: =IF(C7<$H$2,"MORE ORDER REQUIRED", IF(C7>$H$2,"OVER ORDER", "TARGET MATCHED")) -> #VALUE! | I7: 4 | J7: IN PRODUCTION | K7: =COUNTIFS([1]ORDERS!K5:K919,J7) -> #VALUE! | L7: =SUMIFS([1]ORDERS!G:G,[1]ORDERS!K:K,J7) -> #VALUE! | AE7: OCTOBER
B8: 46235 | C8: =SUMIFS( [1]ORDERS!G:G, [1]ORDERS!H:H,">="&B8, [1]ORDERS!H:H,"<"&EOMONTH(B8,0)+1 ) -> #VALUE! | D8: =SUMIFS( [1]ORDERS!G:G, [1]ORDERS!I:I,">="&B8, [1]ORDERS!I:I,"<"&EOMONTH(B8,0)+1, [1]ORDERS!K:K,"<>DISPATCHED" ) -> #VALUE! | E8: =SUMIFS( [1]ORDERS!G:G, [1]ORDERS!J:J,">="&B8, [1]ORDERS!J:J,"<"&EOMONTH(B8,0)+1, [1]ORDERS!K:K,"DISPATCHED" ) -> #VALUE! | F8: =D8-E8 -> #VALUE! | G8: =ABS($H$2-C8) -> #VALUE! | H8: =IF(C8<$H$2,"MORE ORDER REQUIRED", IF(C8>$H$2,"OVER ORDER", "TARGET MATCHED")) -> #VALUE! | I8: 5 | J8: BILL PENDING | K8: =COUNTIFS([1]ORDERS!K6:K920,J8) -> #VALUE! | L8: =SUMIFS([1]ORDERS!G:G,[1]ORDERS!K:K,J8) -> #VALUE! | AE8: NOVEMBER
B9: 46266 | C9: =SUMIFS( [1]ORDERS!G:G, [1]ORDERS!H:H,">="&B9, [1]ORDERS!H:H,"<"&EOMONTH(B9,0)+1 ) -> #VALUE! | D9: =SUMIFS( [1]ORDERS!G:G, [1]ORDERS!I:I,">="&B9, [1]ORDERS!I:I,"<"&EOMONTH(B9,0)+1, [1]ORDERS!K:K,"<>DISPATCHED" ) -> #VALUE! | E9: =SUMIFS( [1]ORDERS!G:G, [1]ORDERS!J:J,">="&B9, [1]ORDERS!J:J,"<"&EOMONTH(B9,0)+1, [1]ORDERS!K:K,"DISPATCHED" ) -> #VALUE! | F9: =D9-E9 -> #VALUE! | G9: =ABS($H$2-C9) -> #VALUE! | H9: =IF(C9<$H$2,"MORE ORDER REQUIRED", IF(C9>$H$2,"OVER ORDER", "TARGET MATCHED")) -> #VALUE! | I9: 6 | J9: UNDER APPROVAL | K9: =COUNTIFS([1]ORDERS!K7:K921,J9) -> #VALUE! | L9: =SUMIFS([1]ORDERS!G:G,[1]ORDERS!K:K,J9) -> #VALUE! | AE9: DECEMBER
B10: 46296 | C10: =SUMIFS( [1]ORDERS!G:G, [1]ORDERS!H:H,">="&B10, [1]ORDERS!H:H,"<"&EOMONTH(B10,0)+1 ) -> #VALUE! | D10: =SUMIFS( [1]ORDERS!G:G, [1]ORDERS!I:I,">="&B10, [1]ORDERS!I:I,"<"&EOMONTH(B10,0)+1, [1]ORDERS!K:K,"<>DISPATCHED" ) -> #VALUE! | E10: =SUMIFS( [1]ORDERS!G:G, [1]ORDERS!J:J,">="&B10, [1]ORDERS!J:J,"<"&EOMONTH(B10,0)+1, [1]ORDERS!K:K,"DISPATCHED" ) -> #VALUE! | F10: =D10-E10 -> #VALUE! | G10: =ABS($H$2-C10) -> #VALUE! | H10: =IF(C10<$H$2,"MORE ORDER REQUIRED", IF(C10>$H$2,"OVER ORDER", "TARGET MATCHED")) -> #VALUE! | I10: 7 | J10: HOLD | K10: =COUNTIFS([1]ORDERS!K8:K922,J10) -> #VALUE! | L10: =SUMIFS([1]ORDERS!G:G,[1]ORDERS!K:K,J10) -> #VALUE! | AE10: JANUARY
B11: 46327 | C11: =SUMIFS( [1]ORDERS!G:G, [1]ORDERS!H:H,">="&B11, [1]ORDERS!H:H,"<"&EOMONTH(B11,0)+1 ) -> #VALUE! | D11: =SUMIFS( [1]ORDERS!G:G, [1]ORDERS!I:I,">="&B11, [1]ORDERS!I:I,"<"&EOMONTH(B11,0)+1, [1]ORDERS!K:K,"<>DISPATCHED" ) -> #VALUE! | E11: =SUMIFS( [1]ORDERS!G:G, [1]ORDERS!J:J,">="&B11, [1]ORDERS!J:J,"<"&EOMONTH(B11,0)+1, [1]ORDERS!K:K,"DISPATCHED" ) -> #VALUE! | F11: =D11-E11 -> #VALUE! | G11: =ABS($H$2-C11) -> #VALUE! | H11: =IF(C11<$H$2,"MORE ORDER REQUIRED", IF(C11>$H$2,"OVER ORDER", "TARGET MATCHED")) -> #VALUE! | I11: 8 | J11: UPDATE IT | K11: =COUNTIFS([1]ORDERS!K9:K923,J11) -> #VALUE! | L11: =SUMIFS([1]ORDERS!G:G,[1]ORDERS!K:K,J11) -> #VALUE! | AE11: FEBRUARY
B12: 46357 | C12: =SUMIFS( [1]ORDERS!G:G, [1]ORDERS!H:H,">="&B12, [1]ORDERS!H:H,"<"&EOMONTH(B12,0)+1 ) -> #VALUE! | D12: =SUMIFS( [1]ORDERS!G:G, [1]ORDERS!I:I,">="&B12, [1]ORDERS!I:I,"<"&EOMONTH(B12,0)+1, [1]ORDERS!K:K,"<>DISPATCHED" ) -> #VALUE! | E12: =SUMIFS( [1]ORDERS!G:G, [1]ORDERS!J:J,">="&B12, [1]ORDERS!J:J,"<"&EOMONTH(B12,0)+1, [1]ORDERS!K:K,"DISPATCHED" ) -> #VALUE! | F12: =D12-E12 -> #VALUE! | G12: =ABS($H$2-C12) -> #VALUE! | H12: =IF(C12<$H$2,"MORE ORDER REQUIRED", IF(C12>$H$2,"OVER ORDER", "TARGET MATCHED")) -> #VALUE! | I12: 9 | J12: ORDERED | K12: =COUNTIFS([1]ORDERS!K10:K924,J12) -> #VALUE! | L12: =SUMIFS([1]ORDERS!G:G,[1]ORDERS!K:K,J12) -> #VALUE! | AE12: MARCH
B13: 46388 | C13: =SUMIFS( [1]ORDERS!G:G, [1]ORDERS!H:H,">="&B13, [1]ORDERS!H:H,"<"&EOMONTH(B13,0)+1 ) -> #VALUE! | D13: =SUMIFS( [1]ORDERS!G:G, [1]ORDERS!I:I,">="&B13, [1]ORDERS!I:I,"<"&EOMONTH(B13,0)+1, [1]ORDERS!K:K,"<>DISPATCHED" ) -> #VALUE! | E13: =SUMIFS( [1]ORDERS!G:G, [1]ORDERS!J:J,">="&B13, [1]ORDERS!J:J,"<"&EOMONTH(B13,0)+1, [1]ORDERS!K:K,"DISPATCHED" ) -> #VALUE! | F13: =D13-E13 -> #VALUE! | G13: =ABS($H$2-C13) -> #VALUE! | H13: =IF(C13<$H$2,"MORE ORDER REQUIRED", IF(C13>$H$2,"OVER ORDER", "TARGET MATCHED")) -> #VALUE! | I13: 10
B14: 46419 | C14: =SUMIFS( [1]ORDERS!G:G, [1]ORDERS!H:H,">="&B14, [1]ORDERS!H:H,"<"&EOMONTH(B14,0)+1 ) -> #VALUE! | D14: =SUMIFS( [1]ORDERS!G:G, [1]ORDERS!I:I,">="&B14, [1]ORDERS!I:I,"<"&EOMONTH(B14,0)+1, [1]ORDERS!K:K,"<>DISPATCHED" ) -> #VALUE! | E14: =SUMIFS( [1]ORDERS!G:G, [1]ORDERS!J:J,">="&B14, [1]ORDERS!J:J,"<"&EOMONTH(B14,0)+1, [1]ORDERS!K:K,"DISPATCHED" ) -> #VALUE! | F14: =D14-E14 -> #VALUE! | G14: =ABS($H$2-C14) -> #VALUE! | H14: =IF(C14<$H$2,"MORE ORDER REQUIRED", IF(C14>$H$2,"OVER ORDER", "TARGET MATCHED")) -> #VALUE! | I14: 11 | K14: TOTAL VALUE | L14: =L12+L11+L10+L9+L8+L7+L5 -> #VALUE!
B15: 46447 | C15: =SUMIFS( [1]ORDERS!G:G, [1]ORDERS!H:H,">="&B15, [1]ORDERS!H:H,"<"&EOMONTH(B15,0)+1 ) -> #VALUE! | D15: =SUMIFS( [1]ORDERS!G:G, [1]ORDERS!I:I,">="&B15, [1]ORDERS!I:I,"<"&EOMONTH(B15,0)+1, [1]ORDERS!K:K,"<>DISPATCHED" ) -> #VALUE! | E15: =SUMIFS( [1]ORDERS!G:G, [1]ORDERS!J:J,">="&B15, [1]ORDERS!J:J,"<"&EOMONTH(B15,0)+1, [1]ORDERS!K:K,"DISPATCHED" ) -> #VALUE! | F15: =D15-E15 -> #VALUE! | G15: =ABS($H$2-C15) -> #VALUE! | H15: =IF(C15<$H$2,"MORE ORDER REQUIRED", IF(C15>$H$2,"OVER ORDER", "TARGET MATCHED")) -> #VALUE!
B16: ORDERS VALUE | C16: =SUM(C4:C15) -> #VALUE! | D16: =SUM(D4:D15) -> #VALUE! | E16: =SUM(E4:E15) -> #VALUE! | F16: =SUM(F4:F15) -> #VALUE! | G16: =SUM(G4:G15) -> #VALUE! | L16: =SUM(Table43[AMOUNT]) -> #VALUE! | N16: TOTAL PROJECTS | O16: =SUBTOTAL(103, A17:A920) -> 0 | Q16: BILLED | R16: {=SUMPRODUCT((TEXT(K17:K19, "mmmm") = "September") * (M17:M19 = "DISPATCHED") * E17:E18)} -> #N/A
C20: NEW | D20: WIN | E20: LOST | F20: CONTACTED | G20: NOT INTERESTED | H20: SITE VISIT REQ. | I20: QUOTATION REQ. | J20: NOT RECEIVED | K20: FAKE | L20: FULFILLED
